frag.mz,frag.ai,ri_avg,f.mz,f.ri,f.ai,prd.ai,ai.devi
101.07101363041059,363.5507713969471,121.18359046564903,101.07083,100.6927709916234,1898.96,2285.3953534538514,-386.43535345385135
101.07101363041059,363.5507713969471,121.18359046564903,101.07099,139.34951361764686,20788.69,18078.62854971818,2710.061450281817
101.07101363041059,363.5507713969471,121.18359046564903,101.07119,123.50848678767682,631.82,619.9267606575992,11.893239342400875
101.07101363041059,363.5507713969471,121.18359046564903,101.07083,100.6927709916234,1898.96,2285.3953534538514,-386.43535345385135
101.07101363041059,363.5507713969471,121.18359046564903,101.07099,139.34951361764686,20788.69,18078.62854971818,2710.061450281817
101.07101363041059,363.5507713969471,121.18359046564903,101.07119,123.50848678767682,631.82,619.9267606575992,11.893239342400875
101.07101363041059,363.5507713969471,121.18359046564903,101.07083,100.6927709916234,1898.96,2285.3953534538514,-386.43535345385135
101.07101363041059,363.5507713969471,121.18359046564903,101.07099,139.34951361764686,20788.69,18078.62854971818,2710.061450281817
101.07101363041059,363.5507713969471,121.18359046564903,101.07119,123.50848678767682,631.82,619.9267606575992,11.893239342400875
102.055025866114,327.50041041661984,109.16680347220661,102.05479,88.29463029384613,451.68,558.4536865744477,-106.77368657444771
102.055025866114,327.50041041661984,109.16680347220661,102.05501,109.62168798563071,16353.78,16285.918599627112,67.86140037288897
102.055025866114,327.50041041661984,109.16680347220661,102.0552,129.58409213714302,2443.82,2058.771360446789,385.04863955321116
102.055025866114,327.50041041661984,109.16680347220661,102.05479,88.29463029384613,451.68,558.4536865744477,-106.77368657444771
102.055025866114,327.50041041661984,109.16680347220661,102.05501,109.62168798563071,16353.78,16285.918599627112,67.86140037288897
102.055025866114,327.50041041661984,109.16680347220661,102.0552,129.58409213714302,2443.82,2058.771360446789,385.04863955321116
102.055025866114,327.50041041661984,109.16680347220661,102.05479,88.29463029384613,451.68,558.4536865744477,-106.77368657444771
102.055025866114,327.50041041661984,109.16680347220661,102.05501,109.62168798563071,16353.78,16285.918599627112,67.86140037288897
102.055025866114,327.50041041661984,109.16680347220661,102.0552,129.58409213714302,2443.82,2058.771360446789,385.04863955321116
110.07194845848238,395.69941451940684,131.89980483980227,110.07172,106.09963214367629,393.81,489.57249987090034,-95.76249987090034
110.07194845848238,395.69941451940684,131.89980483980227,110.07188,173.63945990771055,888.27,674.7466256075845,213.52337439241546
110.07194845848238,395.69941451940684,131.89980483980227,110.07226,115.96032246802001,2186.89,2487.491911603343,-300.60191160334307
110.07194845848238,395.69941451940684,131.89980483980227,110.07172,106.09963214367629,393.81,489.57249987090034,-95.76249987090034
110.07194845848238,395.69941451940684,131.89980483980227,110.07188,173.63945990771055,888.27,674.7466256075845,213.52337439241546
110.07194845848238,395.69941451940684,131.89980483980227,110.07226,115.96032246802001,2186.89,2487.491911603343,-300.60191160334307
110.07194845848238,395.69941451940684,131.89980483980227,110.07172,106.09963214367629,393.81,489.57249987090034,-95.76249987090034
110.07194845848238,395.69941451940684,131.89980483980227,110.07188,173.63945990771055,888.27,674.7466256075845,213.52337439241546
110.07194845848238,395.69941451940684,131.89980483980227,110.07226,115.96032246802001,2186.89,2487.491911603343,-300.60191160334307
119.04866610744702,136.92493945323397,68.46246972661699,119.04863,54.52477279946208,1028.28,1291.1303386702098,-262.8503386702098
119.04866610744702,136.92493945323397,68.46246972661699,119.04869,82.40016665377189,12292.77,10213.491406121342,2079.2785938786583
119.04866610744702,136.92493945323397,68.46246972661699,119.04863,54.52477279946208,1028.28,1291.1303386702098,-262.8503386702098
119.04866610744702,136.92493945323397,68.46246972661699,119.04869,82.40016665377189,12292.77,10213.491406121342,2079.2785938786583
129.09557043683776,1568.8863472135133,261.48105786891887,129.06592,182.1591276123002,3435.33,4931.258369005152,-1495.9283690051525
129.09557043683776,1568.8863472135133,261.48105786891887,129.06635,114.33849673479794,584.91,1337.632467854219,-752.722467854219
129.09557043683776,1568.8863472135133,261.48105786891887,129.10216,160.57983484135474,23955.91,39008.73789788838,-15052.827897888379
129.09557043683776,1568.8863472135133,261.48105786891887,129.10239,386.4024616357684,1434.21,970.5392310872056,463.6707689127944
129.09557043683776,1568.8863472135133,261.48105786891887,129.10246,360.13371721208097,1842.3,1337.632467854219,504.667532145781
129.09557043683776,1568.8863472135133,261.48105786891887,129.1026,365.2727091772109,6888.66,4931.258369005152,1957.4016309948474
129.09557043683776,1568.8863472135133,261.48105786891887,129.06592,182.1591276123002,3435.33,4931.258369005152,-1495.9283690051525
129.09557043683776,1568.8863472135133,261.48105786891887,129.06635,114.33849673479794,584.91,1337.632467854219,-752.722467854219
129.09557043683776,1568.8863472135133,261.48105786891887,129.10216,160.57983484135474,23955.91,39008.73789788838,-15052.827897888379
129.09557043683776,1568.8863472135133,261.48105786891887,129.10239,386.4024616357684,1434.21,970.5392310872056,463.6707689127944
129.09557043683776,1568.8863472135133,261.48105786891887,129.10246,360.13371721208097,1842.3,1337.632467854219,504.667532145781
129.09557043683776,1568.8863472135133,261.48105786891887,129.1026,365.2727091772109,6888.66,4931.258369005152,1957.4016309948474
129.09557043683776,1568.8863472135133,261.48105786891887,129.06592,182.1591276123002,3435.33,4931.258369005152,-1495.9283690051525
129.09557043683776,1568.8863472135133,261.48105786891887,129.06635,114.33849673479794,584.91,1337.632467854219,-752.722467854219
129.09557043683776,1568.8863472135133,261.48105786891887,129.10216,160.57983484135474,23955.91,39008.73789788838,-15052.827897888379
129.09557043683776,1568.8863472135133,261.48105786891887,129.10239,386.4024616357684,1434.21,970.5392310872056,463.6707689127944
129.09557043683776,1568.8863472135133,261.48105786891887,129.10246,360.13371721208097,1842.3,1337.632467854219,504.667532145781
129.09557043683776,1568.8863472135133,261.48105786891887,129.1026,365.2727091772109,6888.66,4931.258369005152,1957.4016309948474
129.09557043683776,1568.8863472135133,261.48105786891887,129.06592,182.1591276123002,3435.33,4931.258369005152,-1495.9283690051525
129.09557043683776,1568.8863472135133,261.48105786891887,129.06635,114.33849673479794,584.91,1337.632467854219,-752.722467854219
129.09557043683776,1568.8863472135133,261.48105786891887,129.10216,160.57983484135474,23955.91,39008.73789788838,-15052.827897888379
129.09557043683776,1568.8863472135133,261.48105786891887,129.10239,386.4024616357684,1434.21,970.5392310872056,463.6707689127944
129.09557043683776,1568.8863472135133,261.48105786891887,129.10246,360.13371721208097,1842.3,1337.632467854219,504.667532145781
129.09557043683776,1568.8863472135133,261.48105786891887,129.1026,365.2727091772109,6888.66,4931.258369005152,1957.4016309948474
129.09557043683776,1568.8863472135133,261.48105786891887,129.06592,182.1591276123002,3435.33,4931.258369005152,-1495.9283690051525
129.09557043683776,1568.8863472135133,261.48105786891887,129.06635,114.33849673479794,584.91,1337.632467854219,-752.722467854219
129.09557043683776,1568.8863472135133,261.48105786891887,129.10216,160.57983484135474,23955.91,39008.73789788838,-15052.827897888379
129.09557043683776,1568.8863472135133,261.48105786891887,129.10239,386.4024616357684,1434.21,970.5392310872056,463.6707689127944
129.09557043683776,1568.8863472135133,261.48105786891887,129.10246,360.13371721208097,1842.3,1337.632467854219,504.667532145781
129.09557043683776,1568.8863472135133,261.48105786891887,129.1026,365.2727091772109,6888.66,4931.258369005152,1957.4016309948474
129.09557043683776,1568.8863472135133,261.48105786891887,129.06592,182.1591276123002,3435.33,4931.258369005152,-1495.9283690051525
129.09557043683776,1568.8863472135133,261.48105786891887,129.06635,114.33849673479794,584.91,1337.632467854219,-752.722467854219
129.09557043683776,1568.8863472135133,261.48105786891887,129.10216,160.57983484135474,23955.91,39008.73789788838,-15052.827897888379
129.09557043683776,1568.8863472135133,261.48105786891887,129.10239,386.4024616357684,1434.21,970.5392310872056,463.6707689127944
129.09557043683776,1568.8863472135133,261.48105786891887,129.10246,360.13371721208097,1842.3,1337.632467854219,504.667532145781
129.09557043683776,1568.8863472135133,261.48105786891887,129.1026,365.2727091772109,6888.66,4931.258369005152,1957.4016309948474
130.06749633266918,549.8059635706666,112.45149029870633,130.04996,184.84399753671605,27575.73,16775.940662930094,10799.789337069906
130.06749633266918,549.8059635706666,112.45149029870633,130.0859,110.10857687920331,408.69,417.3861916369799,-8.696191636979904
130.06749633266918,549.8059635706666,112.45149029870633,130.08636,57.68042986363172,295.07,575.2568301048736,-280.18683010487365
130.06749633266918,549.8059635706666,112.45149029870633,130.08685,97.17295691527426,1832.58,2120.7171072429396,-288.1371072429397
130.06749633266918,549.8059635706666,112.45149029870633,130.04996,184.84399753671605,27575.73,16775.940662930094,10799.789337069906
130.06749633266918,549.8059635706666,112.45149029870633,130.0859,110.10857687920331,408.69,417.3861916369799,-8.696191636979904
130.06749633266918,549.8059635706666,112.45149029870633,130.08636,57.68042986363172,295.07,575.2568301048736,-280.18683010487365
130.06749633266918,549.8059635706666,112.45149029870633,130.08685,97.17295691527426,1832.58,2120.7171072429396,-288.1371072429397
130.06749633266918,549.8059635706666,112.45149029870633,130.04996,184.84399753671605,27575.73,16775.940662930094,10799.789337069906
130.06749633266918,549.8059635706666,112.45149029870633,130.0859,110.10857687920331,408.69,417.3861916369799,-8.696191636979904
130.06749633266918,549.8059635706666,112.45149029870633,130.08636,57.68042986363172,295.07,575.2568301048736,-280.18683010487365
130.06749633266918,549.8059635706666,112.45149029870633,130.08685,97.17295691527426,1832.58,2120.7171072429396,-288.1371072429397
130.06749633266918,549.8059635706666,112.45149029870633,130.04996,184.84399753671605,27575.73,16775.940662930094,10799.789337069906
130.06749633266918,549.8059635706666,112.45149029870633,130.0859,110.10857687920331,408.69,417.3861916369799,-8.696191636979904
130.06749633266918,549.8059635706666,112.45149029870633,130.08636,57.68042986363172,295.07,575.2568301048736,-280.18683010487365
130.06749633266918,549.8059635706666,112.45149029870633,130.08685,97.17295691527426,1832.58,2120.7171072429396,-288.1371072429397
136.07579921859337,23197.127582861212,5799.281895715303,136.07558,9558.889758250443,1426031.5,865158.911737819,560872.588262181
136.07579921859337,23197.127582861212,5799.281895715303,136.07573,1975.283585999608,7331.66,21525.19435938273,-14193.534359382731
136.07579921859337,23197.127582861212,5799.281895715303,136.07588,5212.639892395138,26665.78,29666.80576088503,-3001.0257608850297
136.07579921859337,23197.127582861212,5799.281895715303,136.07608,6450.314346216023,121646.16,109368.37113762285,12277.788862377158
136.07579921859337,23197.127582861212,5799.281895715303,136.07558,9558.889758250443,1426031.5,865158.911737819,560872.588262181
136.07579921859337,23197.127582861212,5799.281895715303,136.07573,1975.283585999608,7331.66,21525.19435938273,-14193.534359382731
136.07579921859337,23197.127582861212,5799.281895715303,136.07588,5212.639892395138,26665.78,29666.80576088503,-3001.0257608850297
136.07579921859337,23197.127582861212,5799.281895715303,136.07608,6450.314346216023,121646.16,109368.37113762285,12277.788862377158
136.07579921859337,23197.127582861212,5799.281895715303,136.07558,9558.889758250443,1426031.5,865158.911737819,560872.588262181
136.07579921859337,23197.127582861212,5799.281895715303,136.07573,1975.283585999608,7331.66,21525.19435938273,-14193.534359382731
136.07579921859337,23197.127582861212,5799.281895715303,136.07588,5212.639892395138,26665.78,29666.80576088503,-3001.0257608850297
136.07579921859337,23197.127582861212,5799.281895715303,136.07608,6450.314346216023,121646.16,109368.37113762285,12277.788862377158
136.07579921859337,23197.127582861212,5799.281895715303,136.07558,9558.889758250443,1426031.5,865158.911737819,560872.588262181
136.07579921859337,23197.127582861212,5799.281895715303,136.07573,1975.283585999608,7331.66,21525.19435938273,-14193.534359382731
136.07579921859337,23197.127582861212,5799.281895715303,136.07588,5212.639892395138,26665.78,29666.80576088503,-3001.0257608850297
136.07579921859337,23197.127582861212,5799.281895715303,136.07608,6450.314346216023,121646.16,109368.37113762285,12277.788862377158
137.07948515588984,655.771407269882,218.5904690899607,137.07925,238.68168523907661,1221.0,1118.2213771094393,102.77862289056065
137.07948515588984,655.771407269882,218.5904690899607,137.07933,159.98050703317858,23866.5,32610.156870259125,-8743.656870259125
137.07948515588984,655.771407269882,218.5904690899607,137.0798,257.10921499762685,4848.81,4122.3868714230075,726.4231285769929
137.07948515588984,655.771407269882,218.5904690899607,137.07925,238.68168523907661,1221.0,1118.2213771094393,102.77862289056065
137.07948515588984,655.771407269882,218.5904690899607,137.07933,159.98050703317858,23866.5,32610.156870259125,-8743.656870259125
137.07948515588984,655.771407269882,218.5904690899607,137.0798,257.10921499762685,4848.81,4122.3868714230075,726.4231285769929
137.07948515588984,655.771407269882,218.5904690899607,137.07925,238.68168523907661,1221.0,1118.2213771094393,102.77862289056065
137.07948515588984,655.771407269882,218.5904690899607,137.07933,159.98050703317858,23866.5,32610.156870259125,-8743.656870259125
137.07948515588984,655.771407269882,218.5904690899607,137.0798,257.10921499762685,4848.81,4122.3868714230075,726.4231285769929
147.1129557509726,704.1119121902296,160.66291235924544,147.11273,152.46696741938592,779.96,821.8871749382223,-41.927174938222265
147.1129557509726,704.1119121902296,160.66291235924544,147.11293,146.4369443616271,543.53,596.3325247962746,-52.80252479627461
147.1129557509726,704.1119121902296,160.66291235924544,147.11305,183.0848252967233,27313.29,23968.303819831606,3344.9861801683946
147.1129557509726,704.1119121902296,160.66291235924544,147.11273,152.46696741938592,779.96,821.8871749382223,-41.927174938222265
147.1129557509726,704.1119121902296,160.66291235924544,147.11293,146.4369443616271,543.53,596.3325247962746,-52.80252479627461
147.1129557509726,704.1119121902296,160.66291235924544,147.11305,183.0848252967233,27313.29,23968.303819831606,3344.9861801683946
147.1129557509726,704.1119121902296,160.66291235924544,147.11273,152.46696741938592,779.96,821.8871749382223,-41.927174938222265
147.1129557509726,704.1119121902296,160.66291235924544,147.11293,146.4369443616271,543.53,596.3325247962746,-52.80252479627461
147.1129557509726,704.1119121902296,160.66291235924544,147.11305,183.0848252967233,27313.29,23968.303819831606,3344.9861801683946
157.06144164907818,491.77190268998964,163.92396756332988,157.0614,257.9968571735546,4865.55,3091.434016350157,1774.1159836498432
157.06144164907818,491.77190268998964,163.92396756332988,157.06145,160.4992609873414,821.05,838.5694285438929,-17.5194285438929
157.06144164907818,491.77190268998964,163.92396756332988,157.06157,73.27578452909366,10931.56,24454.800427897364,-13523.240427897364
157.06144164907818,491.77190268998964,163.92396756332988,157.0614,257.9968571735546,4865.55,3091.434016350157,1774.1159836498432
157.06144164907818,491.77190268998964,163.92396756332988,157.06145,160.4992609873414,821.05,838.5694285438929,-17.5194285438929
157.06144164907818,491.77190268998964,163.92396756332988,157.06157,73.27578452909366,10931.56,24454.800427897364,-13523.240427897364
157.06144164907818,491.77190268998964,163.92396756332988,157.0614,257.9968571735546,4865.55,3091.434016350157,1774.1159836498432
157.06144164907818,491.77190268998964,163.92396756332988,157.06145,160.4992609873414,821.05,838.5694285438929,-17.5194285438929
157.06144164907818,491.77190268998964,163.92396756332988,157.06157,73.27578452909366,10931.56,24454.800427897364,-13523.240427897364
173.05581834914153,564.1517973521399,188.05059911737996,173.05573,161.24651125840842,3040.94,3546.4369704320375,-505.4969704320374
173.05581834914153,564.1517973521399,188.05059911737996,173.05576,151.20416341722012,773.5,961.9916219894762,-188.49162198947624
173.05581834914153,564.1517973521399,188.05059911737996,173.05591,251.70112267651132,37549.73,28054.103009588245,9495.626990411758
173.05581834914153,564.1517973521399,188.05059911737996,173.05573,161.24651125840842,3040.94,3546.4369704320375,-505.4969704320374
173.05581834914153,564.1517973521399,188.05059911737996,173.05576,151.20416341722012,773.5,961.9916219894762,-188.49162198947624
173.05581834914153,564.1517973521399,188.05059911737996,173.05591,251.70112267651132,37549.73,28054.103009588245,9495.626990411758
173.05581834914153,564.1517973521399,188.05059911737996,173.05573,161.24651125840842,3040.94,3546.4369704320375,-505.4969704320374
173.05581834914153,564.1517973521399,188.05059911737996,173.05576,151.20416341722012,773.5,961.9916219894762,-188.49162198947624
173.05581834914153,564.1517973521399,188.05059911737996,173.05591,251.70112267651132,37549.73,28054.103009588245,9495.626990411758
175.07151850447678,1498.0122096992095,499.33740323306984,175.07129,769.5117018892429,114798.68,74493.05140525957,40305.628594740425
175.07151850447678,1498.0122096992095,499.33740323306984,175.07156,312.47948197245597,1598.52,2554.41035929036,-955.8903592903598
175.07151850447678,1498.0122096992095,499.33740323306984,175.07191,416.0210258375108,7845.72,9416.979450514402,-1571.2594505144016
175.07151850447678,1498.0122096992095,499.33740323306984,175.07129,769.5117018892429,114798.68,74493.05140525957,40305.628594740425
175.07151850447678,1498.0122096992095,499.33740323306984,175.07156,312.47948197245597,1598.52,2554.41035929036,-955.8903592903598
175.07151850447678,1498.0122096992095,499.33740323306984,175.07191,416.0210258375108,7845.72,9416.979450514402,-1571.2594505144016
175.07151850447678,1498.0122096992095,499.33740323306984,175.07129,769.5117018892429,114798.68,74493.05140525957,40305.628594740425
175.07151850447678,1498.0122096992095,499.33740323306984,175.07156,312.47948197245597,1598.52,2554.41035929036,-955.8903592903598
175.07151850447678,1498.0122096992095,499.33740323306984,175.07191,416.0210258375108,7845.72,9416.979450514402,-1571.2594505144016
179.61704826524212,109.6234676424414,54.8117338212207,179.59596,51.80033701695502,976.9,1033.6917837508322,-56.791783750832224
179.61704826524212,109.6234676424414,54.8117338212207,179.63594,57.82313062548638,295.8,280.3948988740992,15.405101125900785
179.61704826524212,109.6234676424414,54.8117338212207,179.59596,51.80033701695502,976.9,1033.6917837508322,-56.791783750832224
179.61704826524212,109.6234676424414,54.8117338212207,179.63594,57.82313062548638,295.8,280.3948988740992,15.405101125900785
185.05589980720225,443.762692677509,147.92089755916967,185.055,99.65791150838136,509.81,756.7041255756004,-246.8941255756004
185.05589980720225,443.762692677509,147.92089755916967,185.05554,187.13104210523886,27916.92,22067.401629523265,5849.518370476733
185.05589980720225,443.762692677509,147.92089755916967,185.0569,156.9737390638888,2960.36,2789.63290872518,170.72709127481994
185.05589980720225,443.762692677509,147.92089755916967,185.055,99.65791150838136,509.81,756.7041255756004,-246.8941255756004
185.05589980720225,443.762692677509,147.92089755916967,185.05554,187.13104210523886,27916.92,22067.401629523265,5849.518370476733
185.05589980720225,443.762692677509,147.92089755916967,185.0569,156.9737390638888,2960.36,2789.63290872518,170.72709127481994
185.05589980720225,443.762692677509,147.92089755916967,185.055,99.65791150838136,509.81,756.7041255756004,-246.8941255756004
185.05589980720225,443.762692677509,147.92089755916967,185.05554,187.13104210523886,27916.92,22067.401629523265,5849.518370476733
185.05589980720225,443.762692677509,147.92089755916967,185.0569,156.9737390638888,2960.36,2789.63290872518,170.72709127481994
200.10374531219992,279.3971429877681,93.1323809959227,200.1031,128.88979883815628,19228.27,13893.842520315373,5334.4274796846275
200.10374531219992,279.3971429877681,93.1323809959227,200.10422,72.30628055125474,369.89,476.4279969035698,-106.53799690356982
200.10374531219992,279.3971429877681,93.1323809959227,200.10437,78.20106359835714,1474.79,1756.3789780969466,-281.5889780969467
200.10374531219992,279.3971429877681,93.1323809959227,200.1031,128.88979883815628,19228.27,13893.842520315373,5334.4274796846275
200.10374531219992,279.3971429877681,93.1323809959227,200.10422,72.30628055125474,369.89,476.4279969035698,-106.53799690356982
200.10374531219992,279.3971429877681,93.1323809959227,200.10437,78.20106359835714,1474.79,1756.3789780969466,-281.5889780969467
200.10374531219992,279.3971429877681,93.1323809959227,200.1031,128.88979883815628,19228.27,13893.842520315373,5334.4274796846275
200.10374531219992,279.3971429877681,93.1323809959227,200.10422,72.30628055125474,369.89,476.4279969035698,-106.53799690356982
200.10374531219992,279.3971429877681,93.1323809959227,200.10437,78.20106359835714,1474.79,1756.3789780969466,-281.5889780969467
201.10249758767898,482.819372571432,160.939790857144,201.08717,144.23288566565606,21517.21,24009.609606346745,-2492.3996063467457
201.10249758767898,482.819372571432,160.939790857144,201.08751,140.399956420362,718.23,823.3035745484208,-105.07357454842077
201.10249758767898,482.819372571432,160.939790857144,201.12427,198.18653048541398,3737.59,3035.1555750859857,702.4344249140145
201.10249758767898,482.819372571432,160.939790857144,201.08717,144.23288566565606,21517.21,24009.609606346745,-2492.3996063467457
201.10249758767898,482.819372571432,160.939790857144,201.08751,140.399956420362,718.23,823.3035745484208,-105.07357454842077
201.10249758767898,482.819372571432,160.939790857144,201.12427,198.18653048541398,3737.59,3035.1555750859857,702.4344249140145
201.10249758767898,482.819372571432,160.939790857144,201.08717,144.23288566565606,21517.21,24009.609606346745,-2492.3996063467457
201.10249758767898,482.819372571432,160.939790857144,201.08751,140.399956420362,718.23,823.3035745484208,-105.07357454842077
201.10249758767898,482.819372571432,160.939790857144,201.12427,198.18653048541398,3737.59,3035.1555750859857,702.4344249140145
203.07018566783557,1290.553531717253,322.63838292931325,203.06622,429.2587392629357,64038.45,48132.42006156093,15906.029938439067
203.07018566783557,1290.553531717253,322.63838292931325,203.06711,336.14044117093084,1719.56,1650.4888725002013,69.07112749979865
203.07018566783557,1290.553531717253,322.63838292931325,203.06718,403.9238522403687,7617.58,6084.621344847259,1532.958655152741
203.07018566783557,1290.553531717253,322.63838292931325,203.10277,121.23049904301763,2286.28,6084.621344847259,-3798.341344847259
203.07018566783557,1290.553531717253,322.63838292931325,203.06622,429.2587392629357,64038.45,48132.42006156093,15906.029938439067
203.07018566783557,1290.553531717253,322.63838292931325,203.06711,336.14044117093084,1719.56,1650.4888725002013,69.07112749979865
203.07018566783557,1290.553531717253,322.63838292931325,203.06718,403.9238522403687,7617.58,6084.621344847259,1532.958655152741
203.07018566783557,1290.553531717253,322.63838292931325,203.10277,121.23049904301763,2286.28,6084.621344847259,-3798.341344847259
203.07018566783557,1290.553531717253,322.63838292931325,203.06622,429.2587392629357,64038.45,48132.42006156093,15906.029938439067
203.07018566783557,1290.553531717253,322.63838292931325,203.06711,336.14044117093084,1719.56,1650.4888725002013,69.07112749979865
203.07018566783557,1290.553531717253,322.63838292931325,203.06718,403.9238522403687,7617.58,6084.621344847259,1532.958655152741
203.07018566783557,1290.553531717253,322.63838292931325,203.10277,121.23049904301763,2286.28,6084.621344847259,-3798.341344847259
203.07018566783557,1290.553531717253,322.63838292931325,203.06622,429.2587392629357,64038.45,48132.42006156093,15906.029938439067
203.07018566783557,1290.553531717253,322.63838292931325,203.06711,336.14044117093084,1719.56,1650.4888725002013,69.07112749979865
203.07018566783557,1290.553531717253,322.63838292931325,203.06718,403.9238522403687,7617.58,6084.621344847259,1532.958655152741
203.07018566783557,1290.553531717253,322.63838292931325,203.10277,121.23049904301763,2286.28,6084.621344847259,-3798.341344847259
216.12047342038227,186.20499997327101,93.10249998663551,216.09836,71.1874178032577,1342.52,1755.8154536171135,-413.2954536171135
216.12047342038227,186.20499997327101,93.10249998663551,216.13416,115.01758217001333,17158.76,13889.384757795562,3269.3752422044363
216.12047342038227,186.20499997327101,93.10249998663551,216.09836,71.1874178032577,1342.52,1755.8154536171135,-413.2954536171135
216.12047342038227,186.20499997327101,93.10249998663551,216.13416,115.01758217001333,17158.76,13889.384757795562,3269.3752422044363
223.1084894931408,717.2594319648762,239.08647732162538,223.10826,280.1624569084961,41795.7,35667.82926755673,6127.870732443269
223.1084894931408,717.2594319648762,239.08647732162538,223.10846,272.8699010162056,5146.04,4508.920079401163,637.1199205988369
223.1084894931408,717.2594319648762,239.08647732162538,223.10893,164.22707404017447,840.12,1223.0707543282886,-382.95075432828855
223.1084894931408,717.2594319648762,239.08647732162538,223.10826,280.1624569084961,41795.7,35667.82926755673,6127.870732443269
223.1084894931408,717.2594319648762,239.08647732162538,223.10846,272.8699010162056,5146.04,4508.920079401163,637.1199205988369
223.1084894931408,717.2594319648762,239.08647732162538,223.10893,164.22707404017447,840.12,1223.0707543282886,-382.95075432828855
223.1084894931408,717.2594319648762,239.08647732162538,223.10826,280.1624569084961,41795.7,35667.82926755673,6127.870732443269
223.1084894931408,717.2594319648762,239.08647732162538,223.10846,272.8699010162056,5146.04,4508.920079401163,637.1199205988369
223.1084894931408,717.2594319648762,239.08647732162538,223.10893,164.22707404017447,840.12,1223.0707543282886,-382.95075432828855
234.14499018047186,1934.6860187873572,483.6715046968393,234.14235,109.0120442801714,404.62,1795.243502887252,-1390.623502887252
234.14499018047186,1934.6860187873572,483.6715046968393,234.14478,710.1824048270239,105947.71,72155.95312779627,33791.75687220374
234.14499018047186,1934.6860187873572,483.6715046968393,234.1449,408.02643865644933,2087.3,2474.269890642429,-386.9698906424287
234.14499018047186,1934.6860187873572,483.6715046968393,234.14566,707.4651310237124,13342.05,9121.53704296724,4220.512957032759
234.14499018047186,1934.6860187873572,483.6715046968393,234.14235,109.0120442801714,404.62,1795.243502887252,-1390.623502887252
234.14499018047186,1934.6860187873572,483.6715046968393,234.14478,710.1824048270239,105947.71,72155.95312779627,33791.75687220374
234.14499018047186,1934.6860187873572,483.6715046968393,234.1449,408.02643865644933,2087.3,2474.269890642429,-386.9698906424287
234.14499018047186,1934.6860187873572,483.6715046968393,234.14566,707.4651310237124,13342.05,9121.53704296724,4220.512957032759
234.14499018047186,1934.6860187873572,483.6715046968393,234.14235,109.0120442801714,404.62,1795.243502887252,-1390.623502887252
234.14499018047186,1934.6860187873572,483.6715046968393,234.14478,710.1824048270239,105947.71,72155.95312779627,33791.75687220374
234.14499018047186,1934.6860187873572,483.6715046968393,234.1449,408.02643865644933,2087.3,2474.269890642429,-386.9698906424287
234.14499018047186,1934.6860187873572,483.6715046968393,234.14566,707.4651310237124,13342.05,9121.53704296724,4220.512957032759
234.14499018047186,1934.6860187873572,483.6715046968393,234.14235,109.0120442801714,404.62,1795.243502887252,-1390.623502887252
234.14499018047186,1934.6860187873572,483.6715046968393,234.14478,710.1824048270239,105947.71,72155.95312779627,33791.75687220374
234.14499018047186,1934.6860187873572,483.6715046968393,234.1449,408.02643865644933,2087.3,2474.269890642429,-386.9698906424287
234.14499018047186,1934.6860187873572,483.6715046968393,234.14566,707.4651310237124,13342.05,9121.53704296724,4220.512957032759
235.14456175136044,2332.0918606155833,583.0229651538958,235.14426,816.7327807846013,121843.3,86977.58155598083,34865.71844401918
235.14456175136044,2332.0918606155833,583.0229651538958,235.14445,586.8832729941607,3002.26,2982.5122096815176,19.747790318482657
235.14456175136044,2332.0918606155833,583.0229651538958,235.14473,149.37360414773224,554.43,2164.0063143323564,-1609.5763143323566
235.14456175136044,2332.0918606155833,583.0229651538958,235.14493,779.1022026890888,14693.05,10995.201333775434,3697.848666224565
235.14456175136044,2332.0918606155833,583.0229651538958,235.14426,816.7327807846013,121843.3,86977.58155598083,34865.71844401918
235.14456175136044,2332.0918606155833,583.0229651538958,235.14445,586.8832729941607,3002.26,2982.5122096815176,19.747790318482657
235.14456175136044,2332.0918606155833,583.0229651538958,235.14473,149.37360414773224,554.43,2164.0063143323564,-1609.5763143323566
235.14456175136044,2332.0918606155833,583.0229651538958,235.14493,779.1022026890888,14693.05,10995.201333775434,3697.848666224565
235.14456175136044,2332.0918606155833,583.0229651538958,235.14426,816.7327807846013,121843.3,86977.58155598083,34865.71844401918
235.14456175136044,2332.0918606155833,583.0229651538958,235.14445,586.8832729941607,3002.26,2982.5122096815176,19.747790318482657
235.14456175136044,2332.0918606155833,583.0229651538958,235.14473,149.37360414773224,554.43,2164.0063143323564,-1609.5763143323566
235.14456175136044,2332.0918606155833,583.0229651538958,235.14493,779.1022026890888,14693.05,10995.201333775434,3697.848666224565
235.14456175136044,2332.0918606155833,583.0229651538958,235.14426,816.7327807846013,121843.3,86977.58155598083,34865.71844401918
235.14456175136044,2332.0918606155833,583.0229651538958,235.14445,586.8832729941607,3002.26,2982.5122096815176,19.747790318482657
235.14456175136044,2332.0918606155833,583.0229651538958,235.14473,149.37360414773224,554.43,2164.0063143323564,-1609.5763143323566
235.14456175136044,2332.0918606155833,583.0229651538958,235.14493,779.1022026890888,14693.05,10995.201333775434,3697.848666224565
245.07725549669877,204.54375015216414,102.27187507608207,245.07686,112.61604795868044,16800.49,15257.306979262772,1543.1830207372295
245.07725549669877,204.54375015216414,102.27187507608207,245.07774,91.92770219348371,1733.66,1928.7402460165993,-195.08024601659918
245.07725549669877,204.54375015216414,102.27187507608207,245.07686,112.61604795868044,16800.49,15257.306979262772,1543.1830207372295
245.07725549669877,204.54375015216414,102.27187507608207,245.07774,91.92770219348371,1733.66,1928.7402460165993,-195.08024601659918
247.1080244008764,191.7483684568107,95.87418422840535,247.10654,74.13206838101149,379.23,490.4539651864234,-111.22396518642336
247.1080244008764,191.7483684568107,95.87418422840535,247.10896,117.61630007579922,2218.12,1808.086509979135,410.033490020865
247.1080244008764,191.7483684568107,95.87418422840535,247.10654,74.13206838101149,379.23,490.4539651864234,-111.22396518642336
247.1080244008764,191.7483684568107,95.87418422840535,247.10896,117.61630007579922,2218.12,1808.086509979135,410.033490020865
251.10300967406118,181.96282703381962,90.98141351690981,251.10217,99.37392651443369,14824.98,13572.953017651062,1252.026982348938
251.10300967406118,181.96282703381962,90.98141351690981,251.10402,82.58890051938593,1557.54,1715.8139885379035,-158.2739885379035
251.10300967406118,181.96282703381962,90.98141351690981,251.10217,99.37392651443369,14824.98,13572.953017651062,1252.026982348938
251.10300967406118,181.96282703381962,90.98141351690981,251.10402,82.58890051938593,1557.54,1715.8139885379035,-158.2739885379035
263.13912929330417,328.98420356818474,109.66140118939491,263.13748,110.70706052449532,16515.7,16359.704566656372,155.99543334362897
263.13912929330417,328.98420356818474,109.66140118939491,263.13815,64.05700363308192,327.69,560.9838505963835,-233.2938505963835
263.13912929330417,328.98420356818474,109.66140118939491,263.14072,154.22013941060752,2908.43,2068.0989543920386,840.3310456079612
263.13912929330417,328.98420356818474,109.66140118939491,263.13748,110.70706052449532,16515.7,16359.704566656372,155.99543334362897
263.13912929330417,328.98420356818474,109.66140118939491,263.13815,64.05700363308192,327.69,560.9838505963835,-233.2938505963835
263.13912929330417,328.98420356818474,109.66140118939491,263.14072,154.22013941060752,2908.43,2068.0989543920386,840.3310456079612
263.13912929330417,328.98420356818474,109.66140118939491,263.13748,110.70706052449532,16515.7,16359.704566656372,155.99543334362897
263.13912929330417,328.98420356818474,109.66140118939491,263.13815,64.05700363308192,327.69,560.9838505963835,-233.2938505963835
263.13912929330417,328.98420356818474,109.66140118939491,263.14072,154.22013941060752,2908.43,2068.0989543920386,840.3310456079612
272.12496556700074,262.9682356437063,87.6560785479021,272.12308,79.77642332890537,11901.35,13076.866909976936,-1175.5169099769355
272.12496556700074,262.9682356437063,87.6560785479021,272.12537,99.3072220037505,1872.83,1653.1016604277534,219.72833957224657
272.12496556700074,262.9682356437063,87.6560785479021,272.12628,83.88459031105042,429.12,448.41342476605735,-19.293424766057342
272.12496556700074,262.9682356437063,87.6560785479021,272.12308,79.77642332890537,11901.35,13076.866909976936,-1175.5169099769355
272.12496556700074,262.9682356437063,87.6560785479021,272.12537,99.3072220037505,1872.83,1653.1016604277534,219.72833957224657
272.12496556700074,262.9682356437063,87.6560785479021,272.12628,83.88459031105042,429.12,448.41342476605735,-19.293424766057342
272.12496556700074,262.9682356437063,87.6560785479021,272.12308,79.77642332890537,11901.35,13076.866909976936,-1175.5169099769355
272.12496556700074,262.9682356437063,87.6560785479021,272.12537,99.3072220037505,1872.83,1653.1016604277534,219.72833957224657
272.12496556700074,262.9682356437063,87.6560785479021,272.12628,83.88459031105042,429.12,448.41342476605735,-19.293424766057342
275.10571871432086,140.16825582250954,70.08412791125477,275.10464,84.5794672627747,1595.08,1321.7131103624888,273.3668896375111
275.10571871432086,140.16825582250954,70.08412791125477,275.10736,55.58878855973482,284.37,358.52235622489326,-74.15235622489325
275.10571871432086,140.16825582250954,70.08412791125477,275.10464,84.5794672627747,1595.08,1321.7131103624888,273.3668896375111
275.10571871432086,140.16825582250954,70.08412791125477,275.10736,55.58878855973482,284.37,358.52235622489326,-74.15235622489325
302.09806067592916,1336.3545123349734,445.4515041116578,302.0977,415.02309120483693,7826.9,8400.74793768704,-573.84793768704
302.09806067592916,1336.3545123349734,445.4515041116578,302.09805,595.7703843860188,88879.29,66454.14819616759,22425.141803832405
302.09806067592916,1336.3545123349734,445.4515041116578,302.09854,325.56103674411776,1665.44,2278.7516602940773,-613.3116602940772
302.09806067592916,1336.3545123349734,445.4515041116578,302.0977,415.02309120483693,7826.9,8400.74793768704,-573.84793768704
302.09806067592916,1336.3545123349734,445.4515041116578,302.09805,595.7703843860188,88879.29,66454.14819616759,22425.141803832405
302.09806067592916,1336.3545123349734,445.4515041116578,302.09854,325.56103674411776,1665.44,2278.7516602940773,-613.3116602940772
302.09806067592916,1336.3545123349734,445.4515041116578,302.0977,415.02309120483693,7826.9,8400.74793768704,-573.84793768704
302.09806067592916,1336.3545123349734,445.4515041116578,302.09805,595.7703843860188,88879.29,66454.14819616759,22425.141803832405
302.09806067592916,1336.3545123349734,445.4515041116578,302.09854,325.56103674411776,1665.44,2278.7516602940773,-613.3116602940772
316.11363060298623,193.20430950993207,96.60215475496604,316.11285,120.69668404811529,18005.99,14411.47655558589,3594.5134444141113
316.11363060298623,193.20430950993207,96.60215475496604,316.11493,72.50762546181679,370.92,494.1779711236207,-123.25797112362068
316.11363060298623,193.20430950993207,96.60215475496604,316.11285,120.69668404811529,18005.99,14411.47655558589,3594.5134444141113
316.11363060298623,193.20430950993207,96.60215475496604,316.11493,72.50762546181679,370.92,494.1779711236207,-123.25797112362068
320.12484736781306,640.6538250133675,213.55127500445585,320.1242,225.2993954497855,33611.02,31858.390746547822,1752.6292534521745
320.12484736781306,640.6538250133675,213.55127500445585,320.12503,226.18013466328384,4265.52,4027.3529587957905,238.1670412042099
320.12484736781306,640.6538250133675,213.55127500445585,320.1254,189.17429490029812,967.74,1092.442876458087,-124.70287645808708
320.12484736781306,640.6538250133675,213.55127500445585,320.1242,225.2993954497855,33611.02,31858.390746547822,1752.6292534521745
320.12484736781306,640.6538250133675,213.55127500445585,320.12503,226.18013466328384,4265.52,4027.3529587957905,238.1670412042099
320.12484736781306,640.6538250133675,213.55127500445585,320.1254,189.17429490029812,967.74,1092.442876458087,-124.70287645808708
320.12484736781306,640.6538250133675,213.55127500445585,320.1242,225.2993954497855,33611.02,31858.390746547822,1752.6292534521745
320.12484736781306,640.6538250133675,213.55127500445585,320.12503,226.18013466328384,4265.52,4027.3529587957905,238.1670412042099
320.12484736781306,640.6538250133675,213.55127500445585,320.1254,189.17429490029812,967.74,1092.442876458087,-124.70287645808708
321.10734215378926,268.13655222926286,134.06827611463143,321.1057,118.36734975099563,605.52,685.8396569975478,-80.31965699754778
321.10734215378926,268.13655222926286,134.06827611463143,321.10864,149.76920247826723,2824.49,2528.3870043840566,296.1029956159432
321.10734215378926,268.13655222926286,134.06827611463143,321.1057,118.36734975099563,605.52,685.8396569975478,-80.31965699754778
321.10734215378926,268.13655222926286,134.06827611463143,321.10864,149.76920247826723,2824.49,2528.3870043840566,296.1029956159432
327.1398511065288,129.66783891032915,64.83391945516458,327.12878,72.92608167983126,10879.39,9672.170487344289,1207.2195126557108
327.1398511065288,129.66783891032915,64.83391945516458,327.15408,56.74175723049789,1070.09,1222.6996881317466,-152.60968813174668
327.1398511065288,129.66783891032915,64.83391945516458,327.12878,72.92608167983126,10879.39,9672.170487344289,1207.2195126557108
327.1398511065288,129.66783891032915,64.83391945516458,327.15408,56.74175723049789,1070.09,1222.6996881317466,-152.60968813174668
338.1360371494348,507.8862916640286,169.2954305546762,338.1357,135.45820948928596,692.95,866.0476839695843,-173.0976839695843
338.1360371494348,507.8862916640286,169.2954305546762,338.1359,178.9321626142133,26693.78,25256.135689676346,1437.6443103236525
338.1360371494348,507.8862916640286,169.2954305546762,338.1364,193.4959195605293,3649.13,3192.734171878656,456.39582812134404
338.1360371494348,507.8862916640286,169.2954305546762,338.1357,135.45820948928596,692.95,866.0476839695843,-173.0976839695843
338.1360371494348,507.8862916640286,169.2954305546762,338.1359,178.9321626142133,26693.78,25256.135689676346,1437.6443103236525
338.1360371494348,507.8862916640286,169.2954305546762,338.1364,193.4959195605293,3649.13,3192.734171878656,456.39582812134404
338.1360371494348,507.8862916640286,169.2954305546762,338.1357,135.45820948928596,692.95,866.0476839695843,-173.0976839695843
338.1360371494348,507.8862916640286,169.2954305546762,338.1359,178.9321626142133,26693.78,25256.135689676346,1437.6443103236525
338.1360371494348,507.8862916640286,169.2954305546762,338.1364,193.4959195605293,3649.13,3192.734171878656,456.39582812134404
344.1931074869822,740.1086277059931,246.7028759019977,344.19217,366.06240034257064,54610.58,36804.07255175107,17806.50744824893
344.1931074869822,740.1086277059931,246.7028759019977,344.19336,252.1211325908452,4754.74,4652.5573644391025,102.18263556089732
344.1931074869822,740.1086277059931,246.7028759019977,344.1954,121.9250947725773,623.72,1262.0332019803554,-638.3132019803554
344.1931074869822,740.1086277059931,246.7028759019977,344.19217,366.06240034257064,54610.58,36804.07255175107,17806.50744824893
344.1931074869822,740.1086277059931,246.7028759019977,344.19336,252.1211325908452,4754.74,4652.5573644391025,102.18263556089732
344.1931074869822,740.1086277059931,246.7028759019977,344.1954,121.9250947725773,623.72,1262.0332019803554,-638.3132019803554
344.1931074869822,740.1086277059931,246.7028759019977,344.19217,366.06240034257064,54610.58,36804.07255175107,17806.50744824893
344.1931074869822,740.1086277059931,246.7028759019977,344.19336,252.1211325908452,4754.74,4652.5573644391025,102.18263556089732
344.1931074869822,740.1086277059931,246.7028759019977,344.1954,121.9250947725773,623.72,1262.0332019803554,-638.3132019803554
345.1767159087369,1157.5669211666193,385.21304058925716,345.1766,547.6936495828908,81707.02,57467.545288607034,24239.47471139297
345.1767159087369,1157.5669211666193,385.21304058925716,345.17682,222.7324315956235,1139.41,1970.5957836201785,-831.1857836201784
345.1767159087369,1157.5669211666193,385.21304058925716,345.1766,547.6936495828908,81707.02,57467.545288607034,24239.47471139297
345.1767159087369,1157.5669211666193,385.21304058925716,345.17682,222.7324315956235,1139.41,1970.5957836201785,-831.1857836201784
348.1198024083256,3062.8934339045454,765.7233584761364,348.11893,1257.766726185428,187638.42,114233.52053310222,73404.8994668978
348.1198024083256,3062.8934339045454,765.7233584761364,348.11987,697.2652444961667,3566.93,3917.1343195556346,-350.2043195556348
348.1198024083256,3062.8934339045454,765.7233584761364,348.12057,239.2892772683501,888.17,2842.135356257784,-1953.9653562577842
348.1198024083256,3062.8934339045454,765.7233584761364,348.1208,868.5721859546006,16380.36,14440.739037093419,1939.6209629065816
348.1198024083256,3062.8934339045454,765.7233584761364,348.11893,1257.766726185428,187638.42,114233.52053310222,73404.8994668978
348.1198024083256,3062.8934339045454,765.7233584761364,348.11987,697.2652444961667,3566.93,3917.1343195556346,-350.2043195556348
348.1198024083256,3062.8934339045454,765.7233584761364,348.12057,239.2892772683501,888.17,2842.135356257784,-1953.9653562577842
348.1198024083256,3062.8934339045454,765.7233584761364,348.1208,868.5721859546006,16380.36,14440.739037093419,1939.6209629065816
348.1198024083256,3062.8934339045454,765.7233584761364,348.11893,1257.766726185428,187638.42,114233.52053310222,73404.8994668978
348.1198024083256,3062.8934339045454,765.7233584761364,348.11987,697.2652444961667,3566.93,3917.1343195556346,-350.2043195556348
348.1198024083256,3062.8934339045454,765.7233584761364,348.12057,239.2892772683501,888.17,2842.135356257784,-1953.9653562577842
348.1198024083256,3062.8934339045454,765.7233584761364,348.1208,868.5721859546006,16380.36,14440.739037093419,1939.6209629065816
348.1198024083256,3062.8934339045454,765.7233584761364,348.11893,1257.766726185428,187638.42,114233.52053310222,73404.8994668978
348.1198024083256,3062.8934339045454,765.7233584761364,348.11987,697.2652444961667,3566.93,3917.1343195556346,-350.2043195556348
348.1198024083256,3062.8934339045454,765.7233584761364,348.12057,239.2892772683501,888.17,2842.135356257784,-1953.9653562577842
348.1198024083256,3062.8934339045454,765.7233584761364,348.1208,868.5721859546006,16380.36,14440.739037093419,1939.6209629065816
349.1426493093435,128.11059328048492,64.05529664024246,349.12485,71.03224334358238,10596.86,9556.01257687783,1040.8474231221699
349.1426493093435,128.11059328048492,64.05529664024246,349.1648,57.07834993690253,291.99,327.68126770763797,-35.69126770763796
349.1426493093435,128.11059328048492,64.05529664024246,349.12485,71.03224334358238,10596.86,9556.01257687783,1040.8474231221699
349.1426493093435,128.11059328048492,64.05529664024246,349.1648,57.07834993690253,291.99,327.68126770763797,-35.69126770763796
355.1278081261555,282.0489343206119,94.01631144020398,355.1261,97.31400399938225,1835.24,1773.0489787329604,62.19102126703956
355.1278081261555,282.0489343206119,94.01631144020398,355.12808,84.73493046730758,433.47,480.9498313769035,-47.47983137690346
355.1278081261555,282.0489343206119,94.01631144020398,355.12924,99.99999985392205,14918.38,14025.710623121573,892.6693768784262
355.1278081261555,282.0489343206119,94.01631144020398,355.1261,97.31400399938225,1835.24,1773.0489787329604,62.19102126703956
355.1278081261555,282.0489343206119,94.01631144020398,355.12808,84.73493046730758,433.47,480.9498313769035,-47.47983137690346
355.1278081261555,282.0489343206119,94.01631144020398,355.12924,99.99999985392205,14918.38,14025.710623121573,892.6693768784262
355.1278081261555,282.0489343206119,94.01631144020398,355.1261,97.31400399938225,1835.24,1773.0489787329604,62.19102126703956
355.1278081261555,282.0489343206119,94.01631144020398,355.12808,84.73493046730758,433.47,480.9498313769035,-47.47983137690346
355.1278081261555,282.0489343206119,94.01631144020398,355.12924,99.99999985392205,14918.38,14025.710623121573,892.6693768784262
362.20407569362914,1240.393425929984,413.46447530999467,362.2038,550.6564377633389,82149.02,61682.20168185527,20466.81831814473
362.20407569362914,1240.393425929984,413.46447530999467,362.20422,399.2979320833832,7530.34,7797.506139740499,-267.1661397404987
362.20407569362914,1240.393425929984,413.46447530999467,362.2044,290.43905608326196,1485.77,2115.1188196439457,-629.3488196439457
362.20407569362914,1240.393425929984,413.46447530999467,362.2038,550.6564377633389,82149.02,61682.20168185527,20466.81831814473
362.20407569362914,1240.393425929984,413.46447530999467,362.20422,399.2979320833832,7530.34,7797.506139740499,-267.1661397404987
362.20407569362914,1240.393425929984,413.46447530999467,362.2044,290.43905608326196,1485.77,2115.1188196439457,-629.3488196439457
362.20407569362914,1240.393425929984,413.46447530999467,362.2038,550.6564377633389,82149.02,61682.20168185527,20466.81831814473
362.20407569362914,1240.393425929984,413.46447530999467,362.20422,399.2979320833832,7530.34,7797.506139740499,-267.1661397404987
362.20407569362914,1240.393425929984,413.46447530999467,362.2044,290.43905608326196,1485.77,2115.1188196439457,-629.3488196439457
366.13019192131446,1015.7943872347194,338.5981290782398,366.12997,292.2374766436219,1494.97,1732.132547959926,-237.16254795992586
366.13019192131446,1015.7943872347194,338.5981290782398,366.1302,376.449050888652,56160.1,50513.35564257119,5646.744357428812
366.13019192131446,1015.7943872347194,338.5981290782398,366.13037,347.1078597024456,6546.09,6385.605410023963,160.48458997603757
366.13019192131446,1015.7943872347194,338.5981290782398,366.12997,292.2374766436219,1494.97,1732.132547959926,-237.16254795992586
366.13019192131446,1015.7943872347194,338.5981290782398,366.1302,376.449050888652,56160.1,50513.35564257119,5646.744357428812
366.13019192131446,1015.7943872347194,338.5981290782398,366.13037,347.1078597024456,6546.09,6385.605410023963,160.48458997603757
366.13019192131446,1015.7943872347194,338.5981290782398,366.12997,292.2374766436219,1494.97,1732.132547959926,-237.16254795992586
366.13019192131446,1015.7943872347194,338.5981290782398,366.1302,376.449050888652,56160.1,50513.35564257119,5646.744357428812
366.13019192131446,1015.7943872347194,338.5981290782398,366.13037,347.1078597024456,6546.09,6385.605410023963,160.48458997603757
373.1363449537772,1548.5171217322443,516.1723739107481,373.13586,661.6049454151188,98700.74,77004.55630751293,21696.183692487073
373.1363449537772,1548.5171217322443,516.1723739107481,373.136,426.03605672448873,2179.43,2640.5313332429932,-461.1013332429934
373.1363449537772,1548.5171217322443,516.1723739107481,373.13736,460.87611959263677,8691.64,9734.469331895692,-1042.829331895693
373.1363449537772,1548.5171217322443,516.1723739107481,373.13586,661.6049454151188,98700.74,77004.55630751293,21696.183692487073
373.1363449537772,1548.5171217322443,516.1723739107481,373.136,426.03605672448873,2179.43,2640.5313332429932,-461.1013332429934
373.1363449537772,1548.5171217322443,516.1723739107481,373.13736,460.87611959263677,8691.64,9734.469331895692,-1042.829331895693
373.1363449537772,1548.5171217322443,516.1723739107481,373.13586,661.6049454151188,98700.74,77004.55630751293,21696.183692487073
373.1363449537772,1548.5171217322443,516.1723739107481,373.136,426.03605672448873,2179.43,2640.5313332429932,-461.1013332429934
373.1363449537772,1548.5171217322443,516.1723739107481,373.13736,460.87611959263677,8691.64,9734.469331895692,-1042.829331895693
390.1616907243691,353.29234933748376,117.76411644582792,390.15958,125.2663491123123,18687.71,17568.498420694807,1119.2115793051926
390.1616907243691,353.29234933748376,117.76411644582792,390.16046,122.3981143783778,2308.3,2220.9076616291854,87.39233837081474
390.1616907243691,353.29234933748376,117.76411644582792,390.16562,105.62788584679366,540.35,602.4340997774001,-62.08409977740007
390.1616907243691,353.29234933748376,117.76411644582792,390.15958,125.2663491123123,18687.71,17568.498420694807,1119.2115793051926
390.1616907243691,353.29234933748376,117.76411644582792,390.16046,122.3981143783778,2308.3,2220.9076616291854,87.39233837081474
390.1616907243691,353.29234933748376,117.76411644582792,390.16562,105.62788584679366,540.35,602.4340997774001,-62.08409977740007
390.1616907243691,353.29234933748376,117.76411644582792,390.15958,125.2663491123123,18687.71,17568.498420694807,1119.2115793051926
390.1616907243691,353.29234933748376,117.76411644582792,390.16046,122.3981143783778,2308.3,2220.9076616291854,87.39233837081474
390.1616907243691,353.29234933748376,117.76411644582792,390.16562,105.62788584679366,540.35,602.4340997774001,-62.08409977740007
401.16560816765764,238.34349881749134,79.44783293916377,401.16428,68.13846767686307,1285.02,1498.3027614832959,-213.28276148329587
401.16560816765764,238.34349881749134,79.44783293916377,401.1646,88.30049470871687,451.71,406.42332452761366,45.28667547238632
401.16560816765764,238.34349881749134,79.44783293916377,401.1678,81.9045364319114,12218.83,11852.329636943261,366.50036305673893
401.16560816765764,238.34349881749134,79.44783293916377,401.16428,68.13846767686307,1285.02,1498.3027614832959,-213.28276148329587
401.16560816765764,238.34349881749134,79.44783293916377,401.1646,88.30049470871687,451.71,406.42332452761366,45.28667547238632
401.16560816765764,238.34349881749134,79.44783293916377,401.1678,81.9045364319114,12218.83,11852.329636943261,366.50036305673893
401.16560816765764,238.34349881749134,79.44783293916377,401.16428,68.13846767686307,1285.02,1498.3027614832959,-213.28276148329587
401.16560816765764,238.34349881749134,79.44783293916377,401.1646,88.30049470871687,451.71,406.42332452761366,45.28667547238632
401.16560816765764,238.34349881749134,79.44783293916377,401.1678,81.9045364319114,12218.83,11852.329636943261,366.50036305673893
433.2413956492776,1354.8607928870385,338.71519822175964,433.2396,585.7402068612864,87382.95,50530.82046228973,36852.129537710265
433.2413956492776,1354.8607928870385,338.71519822175964,433.24142,257.4654060700536,1317.09,1732.7314268562875,-415.6414268562876
433.2413956492776,1354.8607928870385,338.71519822175964,433.24152,380.38648751679807,7173.69,6387.81321122547,785.8767887745298
433.2413956492776,1354.8607928870385,338.71519822175964,433.249,131.26869243890047,487.23,1257.20918646617,-769.97918646617
433.2413956492776,1354.8607928870385,338.71519822175964,433.2396,585.7402068612864,87382.95,50530.82046228973,36852.129537710265
433.2413956492776,1354.8607928870385,338.71519822175964,433.24142,257.4654060700536,1317.09,1732.7314268562875,-415.6414268562876
433.2413956492776,1354.8607928870385,338.71519822175964,433.24152,380.38648751679807,7173.69,6387.81321122547,785.8767887745298
433.2413956492776,1354.8607928870385,338.71519822175964,433.249,131.26869243890047,487.23,1257.20918646617,-769.97918646617
433.2413956492776,1354.8607928870385,338.71519822175964,433.2396,585.7402068612864,87382.95,50530.82046228973,36852.129537710265
433.2413956492776,1354.8607928870385,338.71519822175964,433.24142,257.4654060700536,1317.09,1732.7314268562875,-415.6414268562876
433.2413956492776,1354.8607928870385,338.71519822175964,433.24152,380.38648751679807,7173.69,6387.81321122547,785.8767887745298
433.2413956492776,1354.8607928870385,338.71519822175964,433.249,131.26869243890047,487.23,1257.20918646617,-769.97918646617
433.2413956492776,1354.8607928870385,338.71519822175964,433.2396,585.7402068612864,87382.95,50530.82046228973,36852.129537710265
433.2413956492776,1354.8607928870385,338.71519822175964,433.24142,257.4654060700536,1317.09,1732.7314268562875,-415.6414268562876
433.2413956492776,1354.8607928870385,338.71519822175964,433.24152,380.38648751679807,7173.69,6387.81321122547,785.8767887745298
433.2413956492776,1354.8607928870385,338.71519822175964,433.249,131.26869243890047,487.23,1257.20918646617,-769.97918646617
437.21236772225865,201.36853723086415,100.68426861543207,437.20734,101.72039974726736,1918.34,1898.7996541069108,19.540345893089125
437.21236772225865,201.36853723086415,100.68426861543207,437.2175,99.6481374835968,509.76,515.0604322920867,-5.300432292086725
437.21236772225865,201.36853723086415,100.68426861543207,437.20734,101.72039974726736,1918.34,1898.7996541069108,19.540345893089125
437.21236772225865,201.36853723086415,100.68426861543207,437.2175,99.6481374835968,509.76,515.0604322920867,-5.300432292086725
472.20345383340464,210.70463857461232,105.35231928730616,472.20178,89.92228838860989,1695.84,1986.8341914084956,-290.9941914084957
472.20345383340464,210.70463857461232,105.35231928730616,472.2047,120.78235018600245,18018.77,15716.85935305249,2301.91064694751
472.20345383340464,210.70463857461232,105.35231928730616,472.20178,89.92228838860989,1695.84,1986.8341914084956,-290.9941914084957
472.20345383340464,210.70463857461232,105.35231928730616,472.2047,120.78235018600245,18018.77,15716.85935305249,2301.91064694751
501.1930796905771,435.9080741880043,145.30269139600145,501.1919,194.78167172006798,29058.27,21676.807684347837,7381.462315652163
501.1930796905771,435.9080741880043,145.30269139600145,501.19305,100.08992340385913,512.02,743.31043044551,-231.29043044550997
501.1930796905771,435.9080741880043,145.30269139600145,501.19473,141.03647906407716,2659.8,2740.256287874975,-80.4562878749748
501.1930796905771,435.9080741880043,145.30269139600145,501.1919,194.78167172006798,29058.27,21676.807684347837,7381.462315652163
501.1930796905771,435.9080741880043,145.30269139600145,501.19305,100.08992340385913,512.02,743.31043044551,-231.29043044550997
501.1930796905771,435.9080741880043,145.30269139600145,501.19473,141.03647906407716,2659.8,2740.256287874975,-80.4562878749748
501.1930796905771,435.9080741880043,145.30269139600145,501.1919,194.78167172006798,29058.27,21676.807684347837,7381.462315652163
501.1930796905771,435.9080741880043,145.30269139600145,501.19305,100.08992340385913,512.02,743.31043044551,-231.29043044550997
501.1930796905771,435.9080741880043,145.30269139600145,501.19473,141.03647906407716,2659.8,2740.256287874975,-80.4562878749748
519.1529879492161,101.62053568512202,50.810267842561004,519.1434,51.03213820517063,261.06,259.925,1.134999999999991
519.1529879492161,101.62053568512202,50.810267842561004,519.16266,50.58839747995138,258.79,259.925,-1.134999999999991
519.1529879492161,101.62053568512202,50.810267842561004,519.1434,51.03213820517063,261.06,259.925,1.134999999999991
519.1529879492161,101.62053568512202,50.810267842561004,519.16266,50.58839747995138,258.79,259.925,-1.134999999999991
544.275753265329,168.65136908670888,84.32568454335444,544.274,97.22851930847392,14504.92,12580.026076155524,1924.8939238444764
544.275753265329,168.65136908670888,84.32568454335444,544.27814,71.42284977823496,1346.96,1590.293924215966,-243.3339242159659
544.275753265329,168.65136908670888,84.32568454335444,544.274,97.22851930847392,14504.92,12580.026076155524,1924.8939238444764
544.275753265329,168.65136908670888,84.32568454335444,544.27814,71.42284977823496,1346.96,1590.293924215966,-243.3339242159659
562.2835950676646,1203.8521477964428,401.2840492654809,562.28156,307.0959491211176,1570.98,2052.8086336510223,-481.8286336510223
562.2835950676646,1203.8521477964428,401.2840492654809,562.2839,506.18833874515263,75515.1,59865.07943626133,15650.020563738675
562.2835950676646,1203.8521477964428,401.2840492654809,562.2848,390.5678599301726,7365.7,7567.796085943151,-202.0960859431516
562.2835950676646,1203.8521477964428,401.2840492654809,562.28156,307.0959491211176,1570.98,2052.8086336510223,-481.8286336510223
562.2835950676646,1203.8521477964428,401.2840492654809,562.2839,506.18833874515263,75515.1,59865.07943626133,15650.020563738675
562.2835950676646,1203.8521477964428,401.2840492654809,562.2848,390.5678599301726,7365.7,7567.796085943151,-202.0960859431516
562.2835950676646,1203.8521477964428,401.2840492654809,562.28156,307.0959491211176,1570.98,2052.8086336510223,-481.8286336510223
562.2835950676646,1203.8521477964428,401.2840492654809,562.2839,506.18833874515263,75515.1,59865.07943626133,15650.020563738675
562.2835950676646,1203.8521477964428,401.2840492654809,562.2848,390.5678599301726,7365.7,7567.796085943151,-202.0960859431516
588.2241218683249,193.4868513670331,96.74342568351655,588.21985,110.9143886657199,16546.63,14432.551889567372,2114.078110432629
588.2241218683249,193.4868513670331,96.74342568351655,588.22986,82.5724627013132,1557.23,1824.4794916931378,-267.24949169313777
588.2241218683249,193.4868513670331,96.74342568351655,588.21985,110.9143886657199,16546.63,14432.551889567372,2114.078110432629
588.2241218683249,193.4868513670331,96.74342568351655,588.22986,82.5724627013132,1557.23,1824.4794916931378,-267.24949169313777
600.276022178125,364.08731233204713,182.04365616602357,600.2585,67.361603507353,10049.26,27157.964432412624,-17108.704432412625
600.276022178125,364.08731233204713,182.04365616602357,600.28,296.72570882469415,1517.93,931.2625053575924,586.6674946424076
600.276022178125,364.08731233204713,182.04365616602357,600.2585,67.361603507353,10049.26,27157.964432412624,-17108.704432412625
600.276022178125,364.08731233204713,182.04365616602357,600.28,296.72570882469415,1517.93,931.2625053575924,586.6674946424076
663.3957631187526,509.95179176509384,254.97589588254692,663.39233,347.39607596307997,1289.43,946.3940216261205,343.0359783738795
663.3957631187526,509.95179176509384,254.97589588254692,663.4031,162.55571580201388,831.57,1304.3546619873623,-472.78466198736226
663.3957631187526,509.95179176509384,254.97589588254692,663.39233,347.39607596307997,1289.43,946.3940216261205,343.0359783738795
663.3957631187526,509.95179176509384,254.97589588254692,663.4031,162.55571580201388,831.57,1304.3546619873623,-472.78466198736226
663.5264080730128,307.348385029356,153.674192514678,663.51263,216.41713123247027,4081.4,2898.1340144264123,1183.2659855735878
663.5264080730128,307.348385029356,153.674192514678,663.5592,90.93125379688571,13565.47,22925.70003476061,-9360.230034760612
663.5264080730128,307.348385029356,153.674192514678,663.51263,216.41713123247027,4081.4,2898.1340144264123,1183.2659855735878
663.5264080730128,307.348385029356,153.674192514678,663.5592,90.93125379688571,13565.47,22925.70003476061,-9360.230034760612
677.3117179972019,652.8507740221172,163.2126935055293,677.30676,246.9774864709005,36845.04,24348.68986095825,12496.350139041751
677.3117179972019,652.8507740221172,163.2126935055293,677.31006,107.29142486512661,548.86,834.9308350602554,-286.0708350602554
677.3117179972019,652.8507740221172,163.2126935055293,677.312,179.82495744597168,3391.31,3078.0201339880027,313.2898660119972
677.3117179972019,652.8507740221172,163.2126935055293,677.3231,118.75690524011851,440.79,605.7965473657241,-165.0065473657241
677.3117179972019,652.8507740221172,163.2126935055293,677.30676,246.9774864709005,36845.04,24348.68986095825,12496.350139041751
677.3117179972019,652.8507740221172,163.2126935055293,677.31006,107.29142486512661,548.86,834.9308350602554,-286.0708350602554
677.3117179972019,652.8507740221172,163.2126935055293,677.312,179.82495744597168,3391.31,3078.0201339880027,313.2898660119972
677.3117179972019,652.8507740221172,163.2126935055293,677.3231,118.75690524011851,440.79,605.7965473657241,-165.0065473657241
677.3117179972019,652.8507740221172,163.2126935055293,677.30676,246.9774864709005,36845.04,24348.68986095825,12496.350139041751
677.3117179972019,652.8507740221172,163.2126935055293,677.31006,107.29142486512661,548.86,834.9308350602554,-286.0708350602554
677.3117179972019,652.8507740221172,163.2126935055293,677.312,179.82495744597168,3391.31,3078.0201339880027,313.2898660119972
677.3117179972019,652.8507740221172,163.2126935055293,677.3231,118.75690524011851,440.79,605.7965473657241,-165.0065473657241
677.3117179972019,652.8507740221172,163.2126935055293,677.30676,246.9774864709005,36845.04,24348.68986095825,12496.350139041751
677.3117179972019,652.8507740221172,163.2126935055293,677.31006,107.29142486512661,548.86,834.9308350602554,-286.0708350602554
677.3117179972019,652.8507740221172,163.2126935055293,677.312,179.82495744597168,3391.31,3078.0201339880027,313.2898660119972
677.3117179972019,652.8507740221172,163.2126935055293,677.3231,118.75690524011851,440.79,605.7965473657241,-165.0065473657241
716.322466578408,397.5539769961545,132.5179923320515,716.318,72.45289092302322,370.64,677.9090254678011,-307.26902546780116
716.322466578408,397.5539769961545,132.5179923320515,716.3224,171.6516500984505,3237.17,2499.150279018609,738.019720981391
716.322466578408,397.5539769961545,132.5179923320515,716.32465,153.4494359746808,22892.17,19769.53769334524,3122.6323066547593
716.322466578408,397.5539769961545,132.5179923320515,716.318,72.45289092302322,370.64,677.9090254678011,-307.26902546780116
716.322466578408,397.5539769961545,132.5179923320515,716.3224,171.6516500984505,3237.17,2499.150279018609,738.019720981391
716.322466578408,397.5539769961545,132.5179923320515,716.32465,153.4494359746808,22892.17,19769.53769334524,3122.6323066547593
716.322466578408,397.5539769961545,132.5179923320515,716.318,72.45289092302322,370.64,677.9090254678011,-307.26902546780116
716.322466578408,397.5539769961545,132.5179923320515,716.3224,171.6516500984505,3237.17,2499.150279018609,738.019720981391
716.322466578408,397.5539769961545,132.5179923320515,716.32465,153.4494359746808,22892.17,19769.53769334524,3122.6323066547593
717.309645132521,376.66466105408966,125.55488701802989,717.30597,138.3662299113348,20642.0,18730.75518128187,1911.244818718129
717.309645132521,376.66466105408966,125.55488701802989,717.3073,100.75260228425263,515.41,642.2885647696777,-126.87856476967772
717.309645132521,376.66466105408966,125.55488701802989,717.31506,137.5458288585022,2593.97,2367.8334194576137,226.13658054238613
717.309645132521,376.66466105408966,125.55488701802989,717.30597,138.3662299113348,20642.0,18730.75518128187,1911.244818718129
717.309645132521,376.66466105408966,125.55488701802989,717.3073,100.75260228425263,515.41,642.2885647696777,-126.87856476967772
717.309645132521,376.66466105408966,125.55488701802989,717.31506,137.5458288585022,2593.97,2367.8334194576137,226.13658054238613
717.309645132521,376.66466105408966,125.55488701802989,717.30597,138.3662299113348,20642.0,18730.75518128187,1911.244818718129
717.309645132521,376.66466105408966,125.55488701802989,717.3073,100.75260228425263,515.41,642.2885647696777,-126.87856476967772
717.309645132521,376.66466105408966,125.55488701802989,717.31506,137.5458288585022,2593.97,2367.8334194576137,226.13658054238613
734.3318338013266,7186.04724385703,1796.5118109642574,734.3271,468.50230903208256,1738.94,6668.112810398669,-4929.17281039867
734.3318338013266,7186.04724385703,1796.5118109642574,734.3307,2905.339315440785,433429.56,268010.45909603377,165419.10090396623
734.3318338013266,7186.04724385703,1796.5118109642574,734.33264,1595.4062463647126,8161.46,9190.235601823357,-1028.7756018233567
734.3318338013266,7186.04724385703,1796.5118109642574,734.33374,2216.7993730194494,41806.51,33880.32760397952,7926.182396020486
734.3318338013266,7186.04724385703,1796.5118109642574,734.3271,468.50230903208256,1738.94,6668.112810398669,-4929.17281039867
734.3318338013266,7186.04724385703,1796.5118109642574,734.3307,2905.339315440785,433429.56,268010.45909603377,165419.10090396623
734.3318338013266,7186.04724385703,1796.5118109642574,734.33264,1595.4062463647126,8161.46,9190.235601823357,-1028.7756018233567
734.3318338013266,7186.04724385703,1796.5118109642574,734.33374,2216.7993730194494,41806.51,33880.32760397952,7926.182396020486
734.3318338013266,7186.04724385703,1796.5118109642574,734.3271,468.50230903208256,1738.94,6668.112810398669,-4929.17281039867
734.3318338013266,7186.04724385703,1796.5118109642574,734.3307,2905.339315440785,433429.56,268010.45909603377,165419.10090396623
734.3318338013266,7186.04724385703,1796.5118109642574,734.33264,1595.4062463647126,8161.46,9190.235601823357,-1028.7756018233567
734.3318338013266,7186.04724385703,1796.5118109642574,734.33374,2216.7993730194494,41806.51,33880.32760397952,7926.182396020486
734.3318338013266,7186.04724385703,1796.5118109642574,734.3271,468.50230903208256,1738.94,6668.112810398669,-4929.17281039867
734.3318338013266,7186.04724385703,1796.5118109642574,734.3307,2905.339315440785,433429.56,268010.45909603377,165419.10090396623
734.3318338013266,7186.04724385703,1796.5118109642574,734.33264,1595.4062463647126,8161.46,9190.235601823357,-1028.7756018233567
734.3318338013266,7186.04724385703,1796.5118109642574,734.33374,2216.7993730194494,41806.51,33880.32760397952,7926.182396020486
735.337256959676,1102.112970675803,367.37099022526763,735.3358,385.4679894536734,1971.9,1879.3229929466502,92.57700705334992
735.337256959676,1102.112970675803,367.37099022526763,735.3359,237.24821293128187,35393.59,54805.80041162747,-19412.21041162747
735.337256959676,1102.112970675803,367.37099022526763,735.3391,479.39676829084755,9040.92,6928.231378757163,2112.688621242837
735.337256959676,1102.112970675803,367.37099022526763,735.3358,385.4679894536734,1971.9,1879.3229929466502,92.57700705334992
735.337256959676,1102.112970675803,367.37099022526763,735.3359,237.24821293128187,35393.59,54805.80041162747,-19412.21041162747
735.337256959676,1102.112970675803,367.37099022526763,735.3391,479.39676829084755,9040.92,6928.231378757163,2112.688621242837
735.337256959676,1102.112970675803,367.37099022526763,735.3358,385.4679894536734,1971.9,1879.3229929466502,92.57700705334992
735.337256959676,1102.112970675803,367.37099022526763,735.3359,237.24821293128187,35393.59,54805.80041162747,-19412.21041162747
735.337256959676,1102.112970675803,367.37099022526763,735.3391,479.39676829084755,9040.92,6928.231378757163,2112.688621242837
815.3988408916154,154.9006702945009,77.45033514725046,815.39,84.16409812364728,12555.92,11554.335325418719,1001.5846745812814
815.3988408916154,154.9006702945009,77.45033514725046,815.40936,70.73657217085362,361.86,396.20492506607485,-34.344925066074836
815.3988408916154,154.9006702945009,77.45033514725046,815.39,84.16409812364728,12555.92,11554.335325418719,1001.5846745812814
815.3988408916154,154.9006702945009,77.45033514725046,815.40936,70.73657217085362,361.86,396.20492506607485,-34.344925066074836
833.402023888648,3140.5789176594653,785.1447294148663,833.3995,1253.305249811802,186972.84,117130.8744551839,69841.96554481609
833.402023888648,3140.5789176594653,785.1447294148663,833.40204,760.5364165365696,3890.6,4016.4862823693566,-125.88628236935665
833.402023888648,3140.5789176594653,785.1447294148663,833.40356,953.1240801031887,17974.92,14807.005713386186,3167.914286613812
833.402023888648,3140.5789176594653,785.1447294148663,833.41174,173.6131712079048,644.4,2914.2216579239785,-2269.8216579239784
833.402023888648,3140.5789176594653,785.1447294148663,833.3995,1253.305249811802,186972.84,117130.8744551839,69841.96554481609
833.402023888648,3140.5789176594653,785.1447294148663,833.40204,760.5364165365696,3890.6,4016.4862823693566,-125.88628236935665
833.402023888648,3140.5789176594653,785.1447294148663,833.40356,953.1240801031887,17974.92,14807.005713386186,3167.914286613812
833.402023888648,3140.5789176594653,785.1447294148663,833.41174,173.6131712079048,644.4,2914.2216579239785,-2269.8216579239784
833.402023888648,3140.5789176594653,785.1447294148663,833.3995,1253.305249811802,186972.84,117130.8744551839,69841.96554481609
833.402023888648,3140.5789176594653,785.1447294148663,833.40204,760.5364165365696,3890.6,4016.4862823693566,-125.88628236935665
833.402023888648,3140.5789176594653,785.1447294148663,833.40356,953.1240801031887,17974.92,14807.005713386186,3167.914286613812
833.402023888648,3140.5789176594653,785.1447294148663,833.41174,173.6131712079048,644.4,2914.2216579239785,-2269.8216579239784
833.402023888648,3140.5789176594653,785.1447294148663,833.3995,1253.305249811802,186972.84,117130.8744551839,69841.96554481609
833.402023888648,3140.5789176594653,785.1447294148663,833.40204,760.5364165365696,3890.6,4016.4862823693566,-125.88628236935665
833.402023888648,3140.5789176594653,785.1447294148663,833.40356,953.1240801031887,17974.92,14807.005713386186,3167.914286613812
833.402023888648,3140.5789176594653,785.1447294148663,833.41174,173.6131712079048,644.4,2914.2216579239785,-2269.8216579239784
834.4010919732898,563.6588934403098,187.8862978134366,834.3999,249.13475222356618,4698.42,3543.338420247514,1155.081579752486
834.4010919732898,563.6588934403098,187.8862978134366,834.4003,187.5342135414481,959.35,961.1511222589926,-1.8011222589925637
834.4010919732898,563.6588934403098,187.8862978134366,834.4046,126.98992767529562,18944.84,28029.591916685218,-9084.751916685218
834.4010919732898,563.6588934403098,187.8862978134366,834.3999,249.13475222356618,4698.42,3543.338420247514,1155.081579752486
834.4010919732898,563.6588934403098,187.8862978134366,834.4003,187.5342135414481,959.35,961.1511222589926,-1.8011222589925637
834.4010919732898,563.6588934403098,187.8862978134366,834.4046,126.98992767529562,18944.84,28029.591916685218,-9084.751916685218
834.4010919732898,563.6588934403098,187.8862978134366,834.3999,249.13475222356618,4698.42,3543.338420247514,1155.081579752486
834.4010919732898,563.6588934403098,187.8862978134366,834.4003,187.5342135414481,959.35,961.1511222589926,-1.8011222589925637
834.4010919732898,563.6588934403098,187.8862978134366,834.4046,126.98992767529562,18944.84,28029.591916685218,-9084.751916685218
996.4657307528024,300.1489868787769,100.04966229292563,996.45746,107.00960812554695,15964.1,14925.788831378644,1038.311168621356
996.4657307528024,300.1489868787769,100.04966229292563,996.4644,82.58073540478945,422.45,511.81404026580185,-89.36404026580186
996.4657307528024,300.1489868787769,100.04966229292563,996.47473,110.55864334844053,2085.02,1886.8316447819207,198.18835521807932
996.4657307528024,300.1489868787769,100.04966229292563,996.45746,107.00960812554695,15964.1,14925.788831378644,1038.311168621356
996.4657307528024,300.1489868787769,100.04966229292563,996.4644,82.58073540478945,422.45,511.81404026580185,-89.36404026580186
996.4657307528024,300.1489868787769,100.04966229292563,996.47473,110.55864334844053,2085.02,1886.8316447819207,198.18835521807932
996.4657307528024,300.1489868787769,100.04966229292563,996.45746,107.00960812554695,15964.1,14925.788831378644,1038.311168621356
996.4657307528024,300.1489868787769,100.04966229292563,996.4644,82.58073540478945,422.45,511.81404026580185,-89.36404026580186
996.4657307528024,300.1489868787769,100.04966229292563,996.47473,110.55864334844053,2085.02,1886.8316447819207,198.18835521807932

