row,id.prj,id.expt,id.run,name,desc,loading,rt.pct,rt,width,slice,annot,apex,apex.n,bpi,bpi.n,err,err.n,i2nd,i2nd.n,ions,ions.n,mass,mass.n,mz,mz.n,n2nd,n2nd.n,ntt,ntt.n,pkw,pkw.n,ppm,ppm.n,scans,scans.n,tic,tic.n,uncleaved,uncleaved.n,vote,vote.n,z,z.n
73255_0,2862,34908,73255,"Or2013_0430_CF_07","5 uL of analyte (Std Prep)","1.0",0.0,0.0,5.00,mw,true,81543.87,84,461.98,88,1.74,88,NaN,88,162.86,88,1350.07,88,613.97,88,0.22,88,0,88,0.31,84,1.42,88,1.08,88,4705.53,88,1.33,15,4.26,88,2.23,88
73255_0,2862,34908,73255,"Or2013_0430_CF_07","5 uL of analyte (Std Prep)","1.0",0.0,0.0,5.00,mw,false,49987.55,198,531.32,220,,,NaN,220,113.41,220,1940.29,220,708.21,220,0.77,220,,,0.30,198,,,1.05,220,3100.96,220,,,,,2.73,220
73255_0,2862,34908,73255,"Or2013_0430_CF_07","5 uL of analyte (Std Prep)","1.0",0.0,0.0,2.40,slot,true,18861.72,38,354.99,40,2.13,40,NaN,40,144.50,40,1331.50,40,621.06,40,0.30,40,0,40,0.35,38,1.28,40,1.08,40,3031.73,40,1.50,6,4.50,40,2.18,40
73255_0,2862,34908,73255,"Or2013_0430_CF_07","5 uL of analyte (Std Prep)","1.0",0.0,0.0,2.40,slot,false,6905.90,90,271.69,102,,,NaN,102,108.35,102,1807.46,102,673.90,102,0.43,102,,,0.34,90,,,1.06,102,1960.64,102,,,,,2.70,102
73255_2,2862,34908,73255,"Or2013_0430_CF_07","5 uL of analyte (Std Prep)","1.0",2.0,2.4,5.00,mw,true,92595.54,102,581.20,106,1.58,106,NaN,106,199.70,106,1375.39,106,631.33,106,0.60,106,0,106,0.27,102,1.10,106,1.07,106,6942.45,106,1.33,15,4.30,106,2.21,106
73255_2,2862,34908,73255,"Or2013_0430_CF_07","5 uL of analyte (Std Prep)","1.0",2.0,2.4,5.00,mw,false,48009.58,227,531.09,260,,,NaN,259,111.06,260,1953.36,260,731.15,260,1.00,259,,,0.29,227,,,1.06,260,3041.60,260,,,,,2.66,260
73255_2,2862,34908,73255,"Or2013_0430_CF_07","5 uL of analyte (Std Prep)","1.0",2.0,2.4,2.40,slot,true,136375.00,64,718.30,66,1.25,66,27.58,66,233.15,66,1401.99,66,637.56,66,0.79,66,0,66,0.23,64,0.98,66,1.06,66,9312.59,66,1.22,9,4.18,66,2.23,66
73255_2,2862,34908,73255,"Or2013_0430_CF_07","5 uL of analyte (Std Prep)","1.0",2.0,2.4,2.40,slot,false,79262.06,129,752.85,143,,,36.93,143,120.50,143,1973.92,143,732.04,143,1.24,143,,,0.25,129,,,1.05,143,4050.64,143,,,,,2.67,143
73255_4,2862,34908,73255,"Or2013_0430_CF_07","5 uL of analyte (Std Prep)","1.0",4.0,4.8,5.00,mw,true,248735.60,29,1138.49,29,0.99,29,27.33,29,346.52,29,1501.96,29,693.76,29,1.83,29,0,29,0.11,29,0.67,29,1.03,29,16791.83,29,1,2,4.66,29,2.21,29
73255_4,2862,34908,73255,"Or2013_0430_CF_07","5 uL of analyte (Std Prep)","1.0",4.0,4.8,5.00,mw,false,65266.33,68,1047.76,82,,,NaN,81,100.63,82,2039.74,82,823.54,82,1.96,81,,,0.23,68,,,1.11,82,4749.07,82,,,,,2.43,82
73255_4,2862,34908,73255,"Or2013_0430_CF_07","5 uL of analyte (Std Prep)","1.0",4.0,4.8,2.40,slot,true,,,,,,,,,,,,,,,,,,,,,,,,,,,,,,,,
73255_4,2862,34908,73255,"Or2013_0430_CF_07","5 uL of analyte (Std Prep)","1.0",4.0,4.8,2.40,slot,false,6026.38,17,169.40,24,,,NaN,23,40.54,24,2341.46,24,939.41,24,2.13,23,,,0.36,17,,,1.17,24,763.88,24,,,,,2.38,24
73255_6,2862,34908,73255,"Or2013_0430_CF_07","5 uL of analyte (Std Prep)","1.0",6.0,7.2,5.00,mw,true,63074.41,107,854.26,110,2.09,110,35.52,110,181.09,110,1448.08,110,630.17,110,0.55,110,0,110,0.19,107,0.58,110,1.02,110,5850.92,110,1.05,21,4.25,110,2.32,110
73255_6,2862,34908,73255,"Or2013_0430_CF_07","5 uL of analyte (Std Prep)","1.0",6.0,7.2,5.00,mw,false,41936.93,213,475.74,232,,,NaN,232,108.51,232,2129.41,232,758.75,232,1.00,232,,,0.22,213,,,1.06,232,2894.08,232,,,,,2.71,232
73255_6,2862,34908,73255,"Or2013_0430_CF_07","5 uL of analyte (Std Prep)","1.0",6.0,7.2,2.40,slot,true,58661.69,24,948.09,25,1.32,25,47.87,25,112.36,25,1246.51,25,590.89,25,0.16,25,0,25,0.19,24,0.90,25,1.04,25,4600.40,25,,,4.12,25,2.12,25
73255_6,2862,34908,73255,"Or2013_0430_CF_07","5 uL of analyte (Std Prep)","1.0",6.0,7.2,2.40,slot,false,7745.78,54,423.93,69,,,58.56,69,74.90,69,2296.04,69,807.94,69,1.55,69,,,0.18,54,,,1.06,69,1584.97,69,,,,,2.80,69
73255_8,2862,34908,73255,"Or2013_0430_CF_07","5 uL of analyte (Std Prep)","1.0",8.0,9.6,5.00,mw,true,101725.58,181,877.81,189,1.94,189,31.05,189,206.66,189,1481.82,189,652.67,189,0.63,189,0,189,0.22,181,0.27,189,1.03,189,6395.31,189,1.09,32,4.31,189,2.29,189
73255_8,2862,34908,73255,"Or2013_0430_CF_07","5 uL of analyte (Std Prep)","1.0",8.0,9.6,5.00,mw,false,111217.30,589,602.03,627,,,NaN,627,129.83,627,2201.50,627,778.16,627,0.81,627,,,0.25,589,,,1.04,627,3520.89,627,,,,,2.72,627
73255_8,2862,34908,73255,"Or2013_0430_CF_07","5 uL of analyte (Std Prep)","1.0",8.0,9.6,2.40,slot,true,75768.36,120,755.91,126,2.16,126,27.65,126,208.44,126,1517.27,126,649.35,126,0.71,126,0,126,0.21,120,0.23,126,1.02,126,6114.17,126,1.10,29,4.35,126,2.36,126
73255_8,2862,34908,73255,"Or2013_0430_CF_07","5 uL of analyte (Std Prep)","1.0",8.0,9.6,2.40,slot,false,83507.64,315,573.64,325,,,NaN,325,136.41,325,2150.82,325,761.32,325,0.72,325,,,0.25,315,,,1.06,325,3888.87,325,,,,,2.71,325
73255_10,2862,34908,73255,"Or2013_0430_CF_07","5 uL of analyte (Std Prep)","1.0",10.0,12.0,5.00,mw,true,935178.03,182,2570.07,199,1.56,199,NaN,199,261.63,199,1509.64,199,687.76,199,0.71,199,0,199,0.24,182,0.23,199,1.03,199,15702.28,199,1.12,26,4.40,199,2.19,199
73255_10,2862,34908,73255,"Or2013_0430_CF_07","5 uL of analyte (Std Prep)","1.0",10.0,12.0,5.00,mw,false,281438.80,868,2874.11,919,,,NaN,919,159.63,919,2083.65,919,755.27,919,0.85,919,,,0.27,868,,,1.04,919,11213.81,919,,,,,2.65,919
73255_10,2862,34908,73255,"Or2013_0430_CF_07","5 uL of analyte (Std Prep)","1.0",10.0,12.0,2.40,slot,true,634615.22,73,1795.64,75,1.61,75,31.32,75,252.03,75,1517.71,75,695.04,75,0.71,75,0,75,0.25,73,0.45,75,1.04,75,14889.35,75,1,12,4.33,75,2.17,75
73255_10,2862,34908,73255,"Or2013_0430_CF_07","5 uL of analyte (Std Prep)","1.0",10.0,12.0,2.40,slot,false,333062.05,436,4581.92,463,,,25.25,463,138.45,463,2213.24,463,792.76,463,0.84,463,,,0.27,436,,,1.03,463,14779.78,463,,,,,2.67,463
73255_12,2862,34908,73255,"Or2013_0430_CF_07","5 uL of analyte (Std Prep)","1.0",12.0,14.4,5.00,mw,true,2175091.69,250,14957.67,277,1.01,277,NaN,277,346.56,277,1520.81,277,698.49,277,1.04,277,0,277,0.23,250,0.47,277,1.04,277,78324.36,277,1.12,41,4.44,277,2.17,277
73255_12,2862,34908,73255,"Or2013_0430_CF_07","5 uL of analyte (Std Prep)","1.0",12.0,14.4,5.00,mw,false,578570.51,860,3866.41,935,,,27.79,935,212.18,935,1863.09,935,698.56,935,1.04,935,,,0.26,860,,,1.04,935,19210.03,935,,,,,2.61,935
73255_12,2862,34908,73255,"Or2013_0430_CF_07","5 uL of analyte (Std Prep)","1.0",12.0,14.4,2.40,slot,true,2277291.34,100,24102.11,121,0.85,121,NaN,121,338.30,121,1587.72,121,724.70,121,0.99,121,0,121,0.24,100,0.24,121,1.07,121,133127.31,121,1.36,14,4.36,121,2.20,121
73255_12,2862,34908,73255,"Or2013_0430_CF_07","5 uL of analyte (Std Prep)","1.0",12.0,14.4,2.40,slot,false,509460.77,409,1345.88,456,,,28.96,456,219.76,456,1729.46,456,672.87,456,0.98,456,,,0.27,409,,,1.03,456,9782.73,456,,,,,2.54,456
73255_14,2862,34908,73255,"Or2013_0430_CF_07","5 uL of analyte (Std Prep)","1.0",14.0,16.8,5.00,mw,true,3164308.70,347,23799.34,372,1.51,372,31.66,372,412.00,372,1584.39,372,704.74,372,1.35,372,0,372,0.23,347,0.21,372,1.05,372,114584.16,372,1.10,81,4.40,372,2.26,372
73255_14,2862,34908,73255,"Or2013_0430_CF_07","5 uL of analyte (Std Prep)","1.0",14.0,16.8,5.00,mw,false,945538.27,869,4866.74,935,,,27.53,935,284.76,935,1928.37,935,658.09,935,1.38,935,,,0.26,869,,,1.05,935,33167.82,935,,,,,2.87,935
73255_14,2862,34908,73255,"Or2013_0430_CF_07","5 uL of analyte (Std Prep)","1.0",14.0,16.8,2.40,slot,true,3459192.11,194,16145.01,203,1.09,203,32.69,203,420.50,203,1537.75,203,701.44,203,1.14,203,0,203,0.22,194,0.33,203,1.02,203,76083.89,203,1.09,32,4.43,203,2.20,203
73255_14,2862,34908,73255,"Or2013_0430_CF_07","5 uL of analyte (Std Prep)","1.0",14.0,16.8,2.40,slot,false,1071341.67,409,5641.20,430,,,28.52,430,284.83,430,1751.12,430,648.20,430,1.46,430,,,0.24,409,,,1.05,430,36240.67,430,,,,,2.67,430
73255_16,2862,34908,73255,"Or2013_0430_CF_07","5 uL of analyte (Std Prep)","1.0",16.0,19.2,5.00,mw,true,3374943.87,378,22069.78,398,1.60,398,29.64,398,405.65,398,1530.05,398,676.38,398,1.56,398,0,398,0.23,378,0.41,398,1.03,398,99093.83,398,1.04,79,4.38,398,2.28,398
73255_16,2862,34908,73255,"Or2013_0430_CF_07","5 uL of analyte (Std Prep)","1.0",16.0,19.2,5.00,mw,false,1155917.21,946,7045.88,1003,,,25.28,1003,310.31,1003,2571.12,1003,701.45,1003,1.51,1003,,,0.27,946,,,1.08,1003,45623.00,1003,,,,,3.45,1003
73255_16,2862,34908,73255,"Or2013_0430_CF_07","5 uL of analyte (Std Prep)","1.0",16.0,19.2,2.40,slot,true,3233429.69,178,23431.99,186,2.17,186,28.43,186,405.56,186,1490.45,186,655.26,186,1.91,186,0,186,0.24,178,0.49,186,1.06,186,107788.27,186,1,48,4.43,186,2.29,186
73255_16,2862,34908,73255,"Or2013_0430_CF_07","5 uL of analyte (Std Prep)","1.0",16.0,19.2,2.40,slot,false,1101018.20,476,8150.41,505,,,24.85,505,325.53,505,2526.49,505,682.58,505,1.55,505,,,0.27,476,,,1.07,505,48988.60,505,,,,,3.52,505
73255_18,2862,34908,73255,"Or2013_0430_CF_07","5 uL of analyte (Std Prep)","1.0",18.0,21.6,5.00,mw,true,3282783.89,359,19987.82,374,1.68,374,29.53,374,384.40,374,1478.34,374,646.92,374,1.50,374,0,374,0.25,359,0.60,374,1.05,374,127130.07,374,1,60,4.45,374,2.29,374
73255_18,2862,34908,73255,"Or2013_0430_CF_07","5 uL of analyte (Std Prep)","1.0",18.0,21.6,5.00,mw,false,1146151.86,909,10268.27,980,,,21.96,980,267.21,980,3026.59,980,779.64,980,1.38,980,,,0.29,909,,,1.08,980,60602.57,980,,,,,3.63,980
73255_18,2862,34908,73255,"Or2013_0430_CF_07","5 uL of analyte (Std Prep)","1.0",18.0,21.6,2.40,slot,true,4388049.63,175,28031.43,180,1.72,180,31.62,180,370.46,180,1476.26,180,649.65,180,1.45,180,0,180,0.24,175,0.35,180,1.02,180,187898.40,180,1,30,4.56,180,2.28,180
73255_18,2862,34908,73255,"Or2013_0430_CF_07","5 uL of analyte (Std Prep)","1.0",18.0,21.6,2.40,slot,false,1281554.51,444,14091.53,477,,,22.64,477,260.39,477,3182.13,477,794.70,477,1.36,477,,,0.29,444,,,1.09,477,85823.19,477,,,,,3.73,477
73255_20,2862,34908,73255,"Or2013_0430_CF_07","5 uL of analyte (Std Prep)","1.0",20.0,24.0,5.00,mw,true,3398870.51,302,27182.71,316,1.57,316,29.80,316,385.52,316,1561.99,316,656.32,316,1.20,316,0,316,0.26,302,0.52,316,1.08,316,163558.52,316,1.09,64,4.51,316,2.39,316
73255_20,2862,34908,73255,"Or2013_0430_CF_07","5 uL of analyte (Std Prep)","1.0",20.0,24.0,5.00,mw,false,923337.23,827,8791.56,910,,,23.87,910,222.94,910,3087.39,910,831.19,910,1.23,910,,,0.30,827,,,1.06,910,54775.26,910,,,,,3.46,910
73255_20,2862,34908,73255,"Or2013_0430_CF_07","5 uL of analyte (Std Prep)","1.0",20.0,24.0,2.40,slot,true,2756191.88,140,26551.32,148,1.07,148,23.74,148,402.70,148,1589.31,148,657.02,148,0.95,148,0,148,0.27,140,0.58,148,1.11,148,128574.47,148,1.06,33,4.45,148,2.43,148
73255_20,2862,34908,73255,"Or2013_0430_CF_07","5 uL of analyte (Std Prep)","1.0",20.0,24.0,2.40,slot,false,710352.31,382,3332.20,429,,,20.97,429,203.78,429,3235.43,429,840.51,429,1.03,429,,,0.31,382,,,1.05,429,23290.59,429,,,,,3.56,429
73255_22,2862,34908,73255,"Or2013_0430_CF_07","5 uL of analyte (Std Prep)","1.0",22.0,26.4,5.00,mw,true,2902829.09,263,27390.71,277,1.49,277,31.39,277,399.68,277,1578.26,277,661.41,277,1.26,277,0,277,0.27,263,0.45,277,1.07,277,157376.37,277,1.14,58,4.52,277,2.40,277
73255_22,2862,34908,73255,"Or2013_0430_CF_07","5 uL of analyte (Std Prep)","1.0",22.0,26.4,5.00,mw,false,980791.99,860,9844.46,940,,,24.19,940,226.85,940,2755.78,940,805.35,940,1.20,940,,,0.29,860,,,1.04,940,41137.51,940,,,,,3.25,940
73255_22,2862,34908,73255,"Or2013_0430_CF_07","5 uL of analyte (Std Prep)","1.0",22.0,26.4,2.40,slot,true,2626549,139,20040.25,149,1.51,149,30.92,149,401.46,149,1582.48,149,671.87,149,1.34,149,0,149,0.26,139,0.42,149,1.04,149,149050.27,149,1.23,26,4.60,149,2.38,149
73255_22,2862,34908,73255,"Or2013_0430_CF_07","5 uL of analyte (Std Prep)","1.0",22.0,26.4,2.40,slot,false,1254103.40,400,8605.95,439,,,25.61,439,247.96,439,2619.98,439,805.93,439,1.34,439,,,0.28,400,,,1.05,439,50587.88,439,,,,,3.08,439
73255_24,2862,34908,73255,"Or2013_0430_CF_07","5 uL of analyte (Std Prep)","1.0",24.0,28.8,5.00,mw,true,2215268.48,283,20758.21,294,1.62,294,34.20,294,412.30,294,1548.96,294,677.43,294,1.32,294,0,294,0.26,283,0.61,294,1.06,294,132955.44,294,1.05,42,4.48,294,2.31,294
73255_24,2862,34908,73255,"Or2013_0430_CF_07","5 uL of analyte (Std Prep)","1.0",24.0,28.8,5.00,mw,false,1028781.57,855,11943.86,926,,,26.43,926,240.03,926,2433.90,926,770.71,926,1.18,926,,,0.29,855,,,1.04,926,43479.66,926,,,,,3.06,926
73255_24,2862,34908,73255,"Or2013_0430_CF_07","5 uL of analyte (Std Prep)","1.0",24.0,28.8,2.40,slot,true,1645256.84,126,15224.73,129,2.04,129,33.21,129,394.45,129,1551.30,129,669.55,129,1.46,129,0,129,0.27,126,0.41,129,1.03,129,87861.45,129,1,17,4.30,129,2.33,129
73255_24,2862,34908,73255,"Or2013_0430_CF_07","5 uL of analyte (Std Prep)","1.0",24.0,28.8,2.40,slot,false,729974.91,429,10814.05,461,,,26.39,461,228.32,461,2488.52,461,786.26,461,1.27,461,,,0.29,429,,,1.03,461,28194.36,461,,,,,3.10,461
73255_26,2862,34908,73255,"Or2013_0430_CF_07","5 uL of analyte (Std Prep)","1.0",26.0,31.2,5.00,mw,true,1735583.14,230,15156.41,251,1.22,251,36.77,251,406.37,251,1586.55,251,698.82,251,1.24,251,0,251,0.25,230,0.65,251,1.07,251,95494.62,251,1,31,4.44,251,2.29,251
73255_26,2862,34908,73255,"Or2013_0430_CF_07","5 uL of analyte (Std Prep)","1.0",26.0,31.2,5.00,mw,false,687030.16,840,10130.76,938,,,26.42,938,229.65,938,2555.07,938,781.66,938,1.16,938,,,0.30,840,,,1.05,938,28572.57,938,,,,,3.16,938
73255_26,2862,34908,73255,"Or2013_0430_CF_07","5 uL of analyte (Std Prep)","1.0",26.0,31.2,2.40,slot,true,1584585.43,109,17520.72,119,0.81,119,38.67,119,428.16,119,1595.39,119,692.36,119,1.22,119,0,119,0.25,109,0.53,119,1.13,119,101078.35,119,1,15,4.49,119,2.35,119
73255_26,2862,34908,73255,"Or2013_0430_CF_07","5 uL of analyte (Std Prep)","1.0",26.0,31.2,2.40,slot,false,853998.89,397,18721.10,443,,,28.17,443,247.22,443,2428.26,443,756.03,443,1.00,443,,,0.30,397,,,1.06,443,45375.24,443,,,,,3.12,443
73255_28,2862,34908,73255,"Or2013_0430_CF_07","5 uL of analyte (Std Prep)","1.0",28.0,33.6,5.00,mw,true,2350630.90,214,15302.05,246,1.35,246,34.03,246,407.85,246,1592.96,246,694.48,246,1.36,246,0,246,0.25,214,0.99,246,1.04,246,108934.31,246,1,48,4.48,246,2.30,246
73255_28,2862,34908,73255,"Or2013_0430_CF_07","5 uL of analyte (Std Prep)","1.0",28.0,33.6,5.00,mw,false,900217.42,893,9606.76,984,,,27.43,984,233.56,984,2570.73,984,789.07,984,1.27,984,,,0.29,893,,,1.05,984,26199.51,984,,,,,3.13,984
73255_28,2862,34908,73255,"Or2013_0430_CF_07","5 uL of analyte (Std Prep)","1.0",28.0,33.6,2.40,slot,true,2419758.87,89,8170.56,107,1.31,107,30.86,107,413.12,107,1582.57,107,705.53,107,1.39,107,0,107,0.24,89,1.25,107,1,107,64981,107,1,24,4.58,107,2.24,107
73255_28,2862,34908,73255,"Or2013_0430_CF_07","5 uL of analyte (Std Prep)","1.0",28.0,33.6,2.40,slot,false,761242.71,441,2847.51,483,,,26.19,483,221.10,483,2643.80,483,811.42,483,1.37,483,,,0.28,441,,,1.04,483,13222.85,483,,,,,3.15,483
73255_30,2862,34908,73255,"Or2013_0430_CF_07","5 uL of analyte (Std Prep)","1.0",30.0,36.0,5.00,mw,true,3266578.84,228,24496.49,253,1.27,253,34.07,253,402.37,253,1645.13,253,702.08,253,1.44,253,0,253,0.26,228,0.88,253,1.06,253,175465.02,253,1,62,4.47,253,2.34,253
73255_30,2862,34908,73255,"Or2013_0430_CF_07","5 uL of analyte (Std Prep)","1.0",30.0,36.0,5.00,mw,false,1054325.94,879,7153.85,947,,,26.02,947,240.26,947,2826.49,947,805.23,947,1.30,947,,,0.29,879,,,1.07,947,26251.23,947,,,,,3.32,947
73255_30,2862,34908,73255,"Or2013_0430_CF_07","5 uL of analyte (Std Prep)","1.0",30.0,36.0,2.40,slot,true,3315228.80,133,20213.66,142,1.33,142,35.91,142,396.28,142,1623.56,142,692.38,142,1.56,142,0,142,0.26,133,0.61,142,1.08,142,169797.80,142,1,36,4.26,142,2.35,142
73255_30,2862,34908,73255,"Or2013_0430_CF_07","5 uL of analyte (Std Prep)","1.0",30.0,36.0,2.40,slot,false,1073728.35,384,4205.51,428,,,25.42,428,257.33,428,2776.03,428,778.29,428,1.38,428,,,0.29,384,,,1.08,428,26315.33,428,,,,,3.31,428
73255_32,2862,34908,73255,"Or2013_0430_CF_07","5 uL of analyte (Std Prep)","1.0",32.0,38.4,5.00,mw,true,4499673.31,232,44322.71,245,1.10,245,32.70,245,375.03,245,1723.17,245,721.59,245,1.22,245,0,245,0.28,232,0.33,245,1.07,245,303531.69,245,1,64,4.73,245,2.40,245
73255_32,2862,34908,73255,"Or2013_0430_CF_07","5 uL of analyte (Std Prep)","1.0",32.0,38.4,5.00,mw,false,985646.47,843,16605.87,925,,,25.34,925,216.31,925,2927.27,925,809.28,925,0.99,925,,,0.30,843,,,1.08,925,42522.92,925,,,,,3.41,925
73255_32,2862,34908,73255,"Or2013_0430_CF_07","5 uL of analyte (Std Prep)","1.0",32.0,38.4,2.40,slot,true,4265302.50,110,37956.45,119,0.95,119,27.21,119,355.49,119,1678.54,119,715.09,119,0.85,119,0,119,0.27,110,0.41,119,1.03,119,215437.58,119,1,27,4.88,119,2.37,119
73255_32,2862,34908,73255,"Or2013_0430_CF_07","5 uL of analyte (Std Prep)","1.0",32.0,38.4,2.40,slot,false,1231693.79,434,30443.40,462,,,23.12,462,218.24,462,2899.97,462,803.93,462,0.94,462,,,0.29,434,,,1.06,462,63986.65,462,,,,,3.40,462
73255_34,2862,34908,73255,"Or2013_0430_CF_07","5 uL of analyte (Std Prep)","1.0",34.0,40.8,5.00,mw,true,3577154.21,239,49198.72,274,0.85,274,32.11,274,372.82,274,1857.67,274,768.40,274,1.07,274,0,274,0.28,239,0.48,274,1.04,274,272526.28,274,1,65,4.79,274,2.44,274
73255_34,2862,34908,73255,"Or2013_0430_CF_07","5 uL of analyte (Std Prep)","1.0",34.0,40.8,5.00,mw,false,761055.96,840,15676.10,921,,,26.74,921,222.90,921,2660.81,921,789.88,921,0.99,921,,,0.31,840,,,1.06,921,37901.88,921,,,,,3.18,921
73255_34,2862,34908,73255,"Or2013_0430_CF_07","5 uL of analyte (Std Prep)","1.0",34.0,40.8,2.40,slot,true,5330274.09,84,109981.00,97,0.61,97,42.80,97,379.02,97,1975.88,97,814.75,97,1.13,97,0,97,0.31,84,0.34,97,1.08,97,616295.99,97,1,30,4.79,97,2.44,97
73255_34,2862,34908,73255,"Or2013_0430_CF_07","5 uL of analyte (Std Prep)","1.0",34.0,40.8,2.40,slot,false,612086.54,426,1843.76,475,,,31.10,475,211.17,475,2605.07,475,793.53,475,0.94,475,,,0.31,426,,,1.06,475,16496.13,475,,,,,3.12,475
73255_36,2862,34908,73255,"Or2013_0430_CF_07","5 uL of analyte (Std Prep)","1.0",36.0,43.2,5.00,mw,true,1378142.78,246,30426.17,288,0.83,288,31.94,288,388.10,288,2031.60,288,811.55,288,1.27,288,0,288,0.28,246,0.76,288,1.06,288,145414.70,288,1,69,4.64,288,2.52,288
73255_36,2862,34908,73255,"Or2013_0430_CF_07","5 uL of analyte (Std Prep)","1.0",36.0,43.2,5.00,mw,false,478898.97,773,3267.30,859,,,28.11,859,237.08,859,2550.86,859,779.34,859,1.34,859,,,0.30,773,,,1.04,859,18692.26,859,,,,,3.11,859
73255_36,2862,34908,73255,"Or2013_0430_CF_07","5 uL of analyte (Std Prep)","1.0",36.0,43.2,2.40,slot,true,927278.04,121,11236.72,149,0.81,149,27.97,149,391.64,149,2002.14,149,799.45,149,1.20,149,0,149,0.27,121,0.96,149,1.04,149,62946.52,149,1,30,4.74,149,2.52,149
73255_36,2862,34908,73255,"Or2013_0430_CF_07","5 uL of analyte (Std Prep)","1.0",36.0,43.2,2.40,slot,false,364049.03,364,932.27,399,,,24.47,399,226.38,399,2667.24,399,791.52,399,1.41,399,,,0.29,364,,,1.05,399,9326.59,399,,,,,3.18,399
73255_38,2862,34908,73255,"Or2013_0430_CF_07","5 uL of analyte (Std Prep)","1.0",38.0,45.6,5.00,mw,true,1254270.54,259,11628.36,286,1.15,286,29.55,286,394.80,286,1989.37,286,797.98,286,1.46,286,0,286,0.29,259,0.72,286,1.06,286,68176.45,286,1,55,4.55,286,2.50,286
73255_38,2862,34908,73255,"Or2013_0430_CF_07","5 uL of analyte (Std Prep)","1.0",38.0,45.6,5.00,mw,false,524405.86,804,3269.64,882,,,26.64,882,233.49,882,2493.80,882,786.34,882,1.45,882,,,0.30,804,,,1.02,882,17100.61,882,,,,,3.07,882
73255_38,2862,34908,73255,"Or2013_0430_CF_07","5 uL of analyte (Std Prep)","1.0",38.0,45.6,2.40,slot,true,1399406.87,146,13264.12,153,1.17,153,30.79,153,398.78,153,2035.53,153,805.21,153,1.57,153,0,153,0.30,146,0.72,153,1.05,153,74359.42,153,1,31,4.36,153,2.54,153
73255_38,2862,34908,73255,"Or2013_0430_CF_07","5 uL of analyte (Std Prep)","1.0",38.0,45.6,2.40,slot,false,619516.70,370,5830.36,405,,,27.73,405,258.60,405,2410.73,405,753.21,405,1.39,405,,,0.30,370,,,1.02,405,26451.91,405,,,,,3.11,405
73255_40,2862,34908,73255,"Or2013_0430_CF_07","5 uL of analyte (Std Prep)","1.0",40.0,48.0,5.00,mw,true,1370107.81,275,12696.82,303,1.09,303,31.73,303,385.23,303,1909.32,303,786.37,303,1.58,303,0,303,0.28,275,0.53,303,1.03,303,78323.77,303,1,59,4.61,303,2.45,303
73255_40,2862,34908,73255,"Or2013_0430_CF_07","5 uL of analyte (Std Prep)","1.0",40.0,48.0,5.00,mw,false,640198.25,804,1795.44,885,,,25.20,885,232.82,885,2475.16,885,816.29,885,1.46,885,,,0.30,804,,,1.04,885,14512.50,885,,,,,2.99,885
73255_40,2862,34908,73255,"Or2013_0430_CF_07","5 uL of analyte (Std Prep)","1.0",40.0,48.0,2.40,slot,true,1190846.02,114,9720.53,132,0.91,132,32.64,132,366.28,132,1833.34,132,766.64,132,1.61,132,0,132,0.28,114,0.26,132,1.04,132,57465.77,132,1,20,4.72,132,2.42,132
73255_40,2862,34908,73255,"Or2013_0430_CF_07","5 uL of analyte (Std Prep)","1.0",40.0,48.0,2.40,slot,false,553556.51,386,1136.84,437,,,23.65,437,212.87,437,2612.77,437,866.86,437,1.35,437,,,0.31,386,,,1.04,437,9185.67,437,,,,,2.97,437
73255_42,2862,34908,73255,"Or2013_0430_CF_07","5 uL of analyte (Std Prep)","1.0",42.0,50.4,5.00,mw,true,1597245.20,253,17204.88,284,0.97,284,32.98,284,378.62,284,2071.38,284,821.49,284,1.40,284,0,284,0.28,253,0.40,284,1.06,284,121061.51,284,1,82,4.55,284,2.54,284
73255_42,2862,34908,73255,"Or2013_0430_CF_07","5 uL of analyte (Std Prep)","1.0",42.0,50.4,5.00,mw,false,886105.73,794,2903.76,894,,,25.45,894,223.00,894,2429.96,894,817.68,894,1.41,894,,,0.30,794,,,1.06,894,20342.15,894,,,,,2.94,894
73255_42,2862,34908,73255,"Or2013_0430_CF_07","5 uL of analyte (Std Prep)","1.0",42.0,50.4,2.40,slot,true,1526501.48,138,14375.68,153,1.10,153,30.25,153,396.79,153,2108.13,153,824.47,153,1.42,153,0,153,0.26,138,0.62,153,1.04,153,108659.37,153,1,48,4.58,153,2.58,153
73255_42,2862,34908,73255,"Or2013_0430_CF_07","5 uL of analyte (Std Prep)","1.0",42.0,50.4,2.40,slot,false,941821.68,390,3181.79,416,,,24.87,416,235.44,416,2412.96,416,803.26,416,1.64,416,,,0.28,390,,,1.06,416,26160.92,416,,,,,2.96,416
73255_44,2862,34908,73255,"Or2013_0430_CF_07","5 uL of analyte (Std Prep)","1.0",44.0,52.8,5.00,mw,true,2079438.79,248,27045.82,284,1.03,284,32.09,284,367.47,284,2240.79,284,856.45,284,1.24,284,0,284,0.29,248,0.83,284,1.05,284,154702.68,284,1,115,4.34,284,2.64,284
73255_44,2862,34908,73255,"Or2013_0430_CF_07","5 uL of analyte (Std Prep)","1.0",44.0,52.8,5.00,mw,false,894528.22,791,2486.28,909,,,26.69,909,221.17,909,2366.14,909,792.42,909,1.23,909,,,0.30,791,,,1.04,909,18122.42,909,,,,,2.95,909
73255_44,2862,34908,73255,"Or2013_0430_CF_07","5 uL of analyte (Std Prep)","1.0",44.0,52.8,2.40,slot,true,1858485.08,125,36829.85,144,1.29,144,34.94,144,339.77,144,2273.86,144,891.86,144,1.05,144,0,144,0.32,125,0.67,144,1.08,144,187523.91,144,1,66,4.10,144,2.58,144
73255_44,2862,34908,73255,"Or2013_0430_CF_07","5 uL of analyte (Std Prep)","1.0",44.0,52.8,2.40,slot,false,849857.15,361,2883.23,426,,,29.11,426,223.66,426,2252.11,426,774.64,426,1.17,426,,,0.31,361,,,1.04,426,17156.76,426,,,,,2.90,426
73255_46,2862,34908,73255,"Or2013_0430_CF_07","5 uL of analyte (Std Prep)","1.0",46.0,55.2,5.00,mw,true,3194069.84,199,47330.10,230,1.11,230,31.53,230,384.16,230,2248.51,230,877.05,230,1.18,230,0,230,0.31,199,0.83,230,1.06,230,342622,230,1,86,4.31,230,2.58,230
73255_46,2862,34908,73255,"Or2013_0430_CF_07","5 uL of analyte (Std Prep)","1.0",46.0,55.2,5.00,mw,false,793705.35,854,1608.43,970,,,26.09,970,202.72,970,2521.74,970,821.71,970,1.14,970,,,0.32,854,,,1.03,970,14111.47,970,,,,,3.02,970
73255_46,2862,34908,73255,"Or2013_0430_CF_07","5 uL of analyte (Std Prep)","1.0",46.0,55.2,2.40,slot,true,3768175.12,92,38862.21,105,0.82,105,26.34,105,389.27,105,2131.12,105,840.18,105,1.23,105,0,105,0.29,92,1.02,105,1.02,105,286607.29,105,1,29,4.68,105,2.55,105
73255_46,2862,34908,73255,"Or2013_0430_CF_07","5 uL of analyte (Std Prep)","1.0",46.0,55.2,2.40,slot,false,825716.96,432,1297.57,488,,,25.03,488,211.25,488,2521.23,488,820.07,488,1.20,488,,,0.30,432,,,1.04,488,14489.93,488,,,,,3.02,488
73255_48,2862,34908,73255,"Or2013_0430_CF_07","5 uL of analyte (Std Prep)","1.0",48.0,57.6,5.00,mw,true,3317998.34,177,49457.93,204,1.37,204,32.75,204,404.82,204,2351.17,204,907.59,204,1.13,204,0,204,0.32,177,0.49,204,1.06,204,402200.78,204,1,61,4.29,204,2.60,204
73255_48,2862,34908,73255,"Or2013_0430_CF_07","5 uL of analyte (Std Prep)","1.0",48.0,57.6,5.00,mw,false,713734.24,905,1395.94,1004,,,24.20,1004,187.22,1004,2754.69,1004,855.05,1004,1.25,1004,,,0.33,905,,,1.03,1004,12242.45,1004,,,,,3.19,1004
73255_48,2862,34908,73255,"Or2013_0430_CF_07","5 uL of analyte (Std Prep)","1.0",48.0,57.6,2.40,slot,true,4241334.04,71,63753.09,87,1.46,87,40.49,87,439.29,87,2500.41,87,894.75,87,1.44,87,0,87,0.31,71,-0.22,87,1.10,87,562425.33,87,1,34,3.95,87,2.78,87
73255_48,2862,34908,73255,"Or2013_0430_CF_07","5 uL of analyte (Std Prep)","1.0",48.0,57.6,2.40,slot,false,673519.85,417,1596.76,470,,,24.41,470,172.33,470,2875.69,470,873.24,470,1.15,470,,,0.34,417,,,1.02,470,12691.59,470,,,,,3.25,470
73255_50,2862,34908,73255,"Or2013_0430_CF_07","5 uL of analyte (Std Prep)","1.0",50.0,60.0,5.00,mw,true,1969250.54,189,22100.82,232,1.69,232,NaN,232,354.49,232,2338.19,232,909.59,232,1.15,232,0,232,0.31,189,0.73,232,1.05,232,188144.21,232,1.07,60,4.31,232,2.63,232
73255_50,2862,34908,73255,"Or2013_0430_CF_07","5 uL of analyte (Std Prep)","1.0",50.0,60.0,5.00,mw,false,462616.47,842,1222.62,938,,,23.81,938,173.74,938,2906.80,938,887.16,938,1.28,938,,,0.33,842,,,1.02,938,9926.41,938,,,,,3.25,938
73255_50,2862,34908,73255,"Or2013_0430_CF_07","5 uL of analyte (Std Prep)","1.0",50.0,60.0,2.40,slot,true,1712424.25,84,23232.96,103,1.50,103,NaN,103,369.08,103,2353.90,103,938.99,103,1.15,103,0,103,0.34,84,1.24,103,1.06,103,222441.64,103,1,24,4.69,103,2.58,103
73255_50,2862,34908,73255,"Or2013_0430_CF_07","5 uL of analyte (Std Prep)","1.0",50.0,60.0,2.40,slot,false,531368.53,411,1379.31,452,,,23.32,452,182.12,452,2958.19,452,894.25,452,1.20,452,,,0.33,411,,,1.02,452,11413.07,452,,,,,3.26,452
73255_52,2862,34908,73255,"Or2013_0430_CF_07","5 uL of analyte (Std Prep)","1.0",52.0,62.4,5.00,mw,true,1803241.40,145,10021.81,179,1.52,179,NaN,179,327.14,179,2272.69,179,920.65,179,1.11,179,0,179,0.28,145,0.81,179,1.06,179,121406.18,179,1.10,39,4.58,179,2.55,179
73255_52,2862,34908,73255,"Or2013_0430_CF_07","5 uL of analyte (Std Prep)","1.0",52.0,62.4,5.00,mw,false,493323.24,866,1536.14,968,,,24.53,968,176.30,968,2877.31,968,892.59,968,1.21,968,,,0.32,866,,,1.02,968,13580.85,968,,,,,3.18,968
73255_52,2862,34908,73255,"Or2013_0430_CF_07","5 uL of analyte (Std Prep)","1.0",52.0,62.4,2.40,slot,true,1534251.83,78,4638.29,95,1.49,95,31.38,95,307.40,95,2186.06,95,906.95,95,1.06,95,0,95,0.27,78,0.45,95,1.06,95,43917.46,95,1.27,15,4.44,95,2.49,95
73255_52,2862,34908,73255,"Or2013_0430_CF_07","5 uL of analyte (Std Prep)","1.0",52.0,62.4,2.40,slot,false,537526.89,416,1886.91,468,,,24.99,468,174.53,468,2684.63,468,870.19,468,1.28,468,,,0.33,416,,,1.02,468,17196.16,468,,,,,3.07,468
73255_54,2862,34908,73255,"Or2013_0430_CF_07","5 uL of analyte (Std Prep)","1.0",54.0,64.8,5.00,mw,true,3035751.64,154,53786.22,171,1.21,171,40.20,171,305.98,171,2053.58,171,853.34,171,1.18,171,0,171,0.29,154,1.02,171,1.03,171,222509.04,171,1,44,4.53,171,2.45,171
73255_54,2862,34908,73255,"Or2013_0430_CF_07","5 uL of analyte (Std Prep)","1.0",54.0,64.8,5.00,mw,false,571291.49,854,3401.96,951,,,24.44,951,190.96,951,2802.25,951,873.59,951,1.19,951,,,0.32,854,,,1.04,951,21401.21,951,,,,,3.18,951
73255_54,2862,34908,73255,"Or2013_0430_CF_07","5 uL of analyte (Std Prep)","1.0",54.0,64.8,2.40,slot,true,3553495.05,68,54364.41,74,1.30,74,38.82,74,308.23,74,2186.39,74,896.30,74,1.07,74,0,74,0.28,68,1.21,74,1,74,255131.16,74,1,22,4.66,74,2.49,74
73255_54,2862,34908,73255,"Or2013_0430_CF_07","5 uL of analyte (Std Prep)","1.0",54.0,64.8,2.40,slot,false,509039.72,420,2763.23,464,,,23.88,464,171.07,464,2939.97,464,892.34,464,1.22,464,,,0.32,420,,,1.02,464,14629.36,464,,,,,3.27,464
73255_56,2862,34908,73255,"Or2013_0430_CF_07","5 uL of analyte (Std Prep)","1.0",56.0,67.2,5.00,mw,true,3040755.24,156,79275.63,177,1.03,177,41.89,177,293.05,177,2121.07,177,859.38,177,0.97,177,0,177,0.35,156,1.51,177,1.01,177,309039.45,177,1,43,4.21,177,2.50,177
73255_56,2862,34908,73255,"Or2013_0430_CF_07","5 uL of analyte (Std Prep)","1.0",56.0,67.2,5.00,mw,false,512265.17,833,3066.71,925,,,26.81,925,186.90,925,2736.78,925,864.93,925,1.20,925,,,0.33,833,,,1.06,925,16374.16,925,,,,,3.14,925
73255_56,2862,34908,73255,"Or2013_0430_CF_07","5 uL of analyte (Std Prep)","1.0",56.0,67.2,2.40,slot,true,2513439.96,83,95296.73,94,1.46,94,43.40,94,299.71,94,2029.89,94,817.86,94,0.97,94,0,94,0.36,83,1.52,94,1.01,94,335735.85,94,1,30,4,94,2.51,94
73255_56,2862,34908,73255,"Or2013_0430_CF_07","5 uL of analyte (Std Prep)","1.0",56.0,67.2,2.40,slot,false,532536.59,387,3577.62,436,,,26.03,436,203.14,436,2646.76,436,848.93,436,1.17,436,,,0.34,387,,,1.09,436,19467.88,436,,,,,3.10,436
73255_58,2862,34908,73255,"Or2013_0430_CF_07","5 uL of analyte (Std Prep)","1.0",58.0,69.6,5.00,mw,true,1179539.20,152,42811.42,182,1.68,182,35.49,182,286.11,182,2203.74,182,856.32,182,1.07,182,0,182,0.36,152,1.17,182,1.03,182,151160.08,182,1,49,4.03,182,2.59,182
73255_58,2862,34908,73255,"Or2013_0430_CF_07","5 uL of analyte (Std Prep)","1.0",58.0,69.6,5.00,mw,false,402135.65,836,1285.51,928,,,26.90,928,175.81,928,2829.26,928,890.68,928,1.39,928,,,0.33,836,,,1.05,928,10757.65,928,,,,,3.15,928
73255_58,2862,34908,73255,"Or2013_0430_CF_07","5 uL of analyte (Std Prep)","1.0",58.0,69.6,2.40,slot,true,1125906.83,69,16972.34,77,1.29,77,31.89,77,267.64,77,2100.34,77,836.50,77,0.94,77,0,77,0.37,69,0.64,77,1.03,77,87933.84,77,1,11,3.92,77,2.53,77
73255_58,2862,34908,73255,"Or2013_0430_CF_07","5 uL of analyte (Std Prep)","1.0",58.0,69.6,2.40,slot,false,418665.90,399,1513.62,439,,,27.85,439,189.39,439,2848.42,439,908.32,439,1.42,439,,,0.33,399,,,1.06,439,15233.27,439,,,,,3.12,439
73255_60,2862,34908,73255,"Or2013_0430_CF_07","5 uL of analyte (Std Prep)","1.0",60.0,72.0,5.00,mw,true,828470.14,128,11027.36,157,1.69,157,30.93,157,300.56,157,2104.92,157,849.48,157,1.05,157,0,157,0.32,128,0.83,157,1.10,157,70819.73,157,1.06,31,4.32,157,2.49,157
73255_60,2862,34908,73255,"Or2013_0430_CF_07","5 uL of analyte (Std Prep)","1.0",60.0,72.0,5.00,mw,false,412327.64,867,1203.42,957,,,23.80,957,156.90,957,3036.70,957,920.47,957,1.33,957,,,0.32,867,,,1.02,957,11567.47,957,,,,,3.22,957
73255_60,2862,34908,73255,"Or2013_0430_CF_07","5 uL of analyte (Std Prep)","1.0",60.0,72.0,2.40,slot,true,910466.69,62,13113.77,85,1.85,85,30.76,85,311.53,85,2289.11,85,898.27,85,1.06,85,0,85,0.31,62,1.12,85,1.12,85,95620.31,85,1,20,4.45,85,2.56,85
73255_60,2862,34908,73255,"Or2013_0430_CF_07","5 uL of analyte (Std Prep)","1.0",60.0,72.0,2.40,slot,false,399637.05,409,1002.55,460,,,24.75,460,150.74,460,2967.44,460,907.91,460,1.37,460,,,0.32,409,,,1.00,460,9739.47,460,,,,,3.21,460
73255_62,2862,34908,73255,"Or2013_0430_CF_07","5 uL of analyte (Std Prep)","1.0",62.0,74.4,5.00,mw,true,1866667.08,123,26118.38,156,1.40,156,33.17,156,320.62,156,2066.78,156,860.53,156,0.74,156,0,156,0.33,123,1.42,156,1.14,156,182579.42,156,1.13,32,4.56,156,2.43,156
73255_62,2862,34908,73255,"Or2013_0430_CF_07","5 uL of analyte (Std Prep)","1.0",62.0,74.4,5.00,mw,false,303401.45,865,677.15,963,,,23.59,963,137.71,963,2931.01,963,906.27,963,1.24,963,,,0.33,865,,,1.01,963,6177.83,963,,,,,3.15,963
73255_62,2862,34908,73255,"Or2013_0430_CF_07","5 uL of analyte (Std Prep)","1.0",62.0,74.4,2.40,slot,true,3133050.02,56,32591.69,63,1.61,63,41.53,63,298.16,63,1818.14,63,822.24,63,0.92,63,0,63,0.32,56,1.29,63,1.10,63,240607.76,63,1.20,10,4.89,63,2.25,63
73255_62,2862,34908,73255,"Or2013_0430_CF_07","5 uL of analyte (Std Prep)","1.0",62.0,74.4,2.40,slot,false,286856.72,456,643.97,490,,,23.57,490,131.54,490,2987.44,490,903.09,490,1.02,490,,,0.32,456,,,1.01,490,4443.06,490,,,,,3.18,490
73255_64,2862,34908,73255,"Or2013_0430_CF_07","5 uL of analyte (Std Prep)","1.0",64.0,76.8,5.00,mw,true,1697525.74,122,18188.56,149,2.17,149,31.70,149,299.35,149,2075.19,149,875.82,149,0.85,149,0,149,0.31,122,1.17,149,1.09,149,138979.74,149,1.05,41,4.38,149,2.38,149
73255_64,2862,34908,73255,"Or2013_0430_CF_07","5 uL of analyte (Std Prep)","1.0",64.0,76.8,5.00,mw,false,209090.09,878,548.19,974,,,23.38,974,123.09,974,2964.88,974,910.78,974,1.37,974,,,0.32,878,,,1.01,974,4884.02,974,,,,,3.18,974
73255_64,2862,34908,73255,"Or2013_0430_CF_07","5 uL of analyte (Std Prep)","1.0",64.0,76.8,2.40,slot,true,500278.13,60,12978.52,82,2.00,82,22.76,82,327.56,82,2200.88,82,895.15,82,0.76,82,0,82,0.34,60,1.09,82,1.13,82,83160.29,82,1.08,25,4.10,82,2.48,82
73255_64,2862,34908,73255,"Or2013_0430_CF_07","5 uL of analyte (Std Prep)","1.0",64.0,76.8,2.40,slot,false,203412.50,386,724.97,439,,,22.19,439,132.80,439,2892.57,439,915.79,439,1.46,439,,,0.34,386,,,1.01,439,6694.89,439,,,,,3.13,439
73255_66,2862,34908,73255,"Or2013_0430_CF_07","5 uL of analyte (Std Prep)","1.0",66.0,79.2,5.00,mw,true,985637.21,97,15613.66,118,2.04,118,32.56,118,266.19,118,2137.44,118,865.73,118,1.16,118,0,118,0.30,97,0.34,118,1.05,118,58291.23,118,1.12,26,4.33,118,2.47,118
73255_66,2862,34908,73255,"Or2013_0430_CF_07","5 uL of analyte (Std Prep)","1.0",66.0,79.2,5.00,mw,false,191104.57,878,689.15,979,,,NaN,979,123.14,979,3120.12,979,940.06,979,1.29,979,,,0.32,878,,,1.02,979,5585.96,979,,,,,3.25,979
73255_66,2862,34908,73255,"Or2013_0430_CF_07","5 uL of analyte (Std Prep)","1.0",66.0,79.2,2.40,slot,true,1317430.80,57,27721.93,62,1.32,62,47.63,62,253.55,62,2018.12,62,844.58,62,1.31,62,0,62,0.27,57,0.07,62,1.03,62,94450.37,62,1,12,4.52,62,2.39,62
73255_66,2862,34908,73255,"Or2013_0430_CF_07","5 uL of analyte (Std Prep)","1.0",66.0,79.2,2.40,slot,false,186873.07,431,469.31,474,,,24.34,474,110.14,474,3209.83,474,938.38,474,1.40,474,,,0.30,431,,,1.02,474,3360.33,474,,,,,3.33,474
73255_68,2862,34908,73255,"Or2013_0430_CF_07","5 uL of analyte (Std Prep)","1.0",68.0,81.6,5.00,mw,true,1472364.16,110,21061.37,131,1.85,131,41.26,131,282.82,131,2144.35,131,843.52,131,1.31,131,0,131,0.29,110,0.68,131,1.03,131,108669.60,131,1.28,18,4.55,131,2.57,131
73255_68,2862,34908,73255,"Or2013_0430_CF_07","5 uL of analyte (Std Prep)","1.0",68.0,81.6,5.00,mw,false,185088.21,847,591.41,958,,,NaN,958,130.27,958,2943.51,958,927.50,958,1.33,958,,,0.32,847,,,1.04,958,4929.82,958,,,,,3.13,958
73255_68,2862,34908,73255,"Or2013_0430_CF_07","5 uL of analyte (Std Prep)","1.0",68.0,81.6,2.40,slot,true,1248500.92,36,6338.93,43,1.78,43,34.23,43,261.26,43,2236.85,43,856.00,43,1.28,43,0,43,0.29,36,1.31,43,1,43,42481.88,43,2,3,4.33,43,2.67,43
73255_68,2862,34908,73255,"Or2013_0430_CF_07","5 uL of analyte (Std Prep)","1.0",68.0,81.6,2.40,slot,false,178178.44,423,563.94,482,,,NaN,482,133.86,482,2978.43,482,932.50,482,1.34,482,,,0.33,423,,,1.04,482,4853.64,482,,,,,3.14,482
73255_70,2862,34908,73255,"Or2013_0430_CF_07","5 uL of analyte (Std Prep)","1.0",70.0,84.0,5.00,mw,true,1143198.23,120,7949.47,147,1.65,147,37.17,147,296.28,147,2345.77,147,916.87,147,1.09,147,0,147,0.30,120,1.61,147,1.04,147,70208.13,147,1.20,10,4.58,147,2.58,147
73255_70,2862,34908,73255,"Or2013_0430_CF_07","5 uL of analyte (Std Prep)","1.0",70.0,84.0,5.00,mw,false,139104.25,801,625.98,928,,,NaN,928,130.05,928,2789.86,928,897.67,928,1.40,928,,,0.34,801,,,1.03,928,5236.37,928,,,,,3.08,928
73255_70,2862,34908,73255,"Or2013_0430_CF_07","5 uL of analyte (Std Prep)","1.0",70.0,84.0,2.40,slot,true,1349463.30,66,10423.00,83,1.94,83,31.86,83,322.65,83,2435.03,83,912.31,83,1.14,83,0,83,0.33,66,1.47,83,1.07,83,95779.89,83,1.20,10,4.70,83,2.67,83
73255_70,2862,34908,73255,"Or2013_0430_CF_07","5 uL of analyte (Std Prep)","1.0",70.0,84.0,2.40,slot,false,151593.10,356,539.77,419,,,26.15,419,137.66,419,2812.72,419,909.18,419,1.38,419,,,0.34,356,,,1.04,419,5128.52,419,,,,,3.08,419
73255_72,2862,34908,73255,"Or2013_0430_CF_07","5 uL of analyte (Std Prep)","1.0",72.0,86.4,5.00,mw,true,411842.35,105,4332.49,125,1.28,125,31.61,125,255.50,125,2468.44,125,976.01,125,0.95,125,0,125,0.33,105,1.48,125,1.04,125,32748.95,125,1,8,4.60,125,2.54,125
73255_72,2862,34908,73255,"Or2013_0430_CF_07","5 uL of analyte (Std Prep)","1.0",72.0,86.4,5.00,mw,false,117753.33,814,574.47,938,,,NaN,938,124.54,938,2897.11,938,910.20,938,1.27,938,,,0.33,814,,,1.03,938,4829.70,938,,,,,3.14,938
73255_72,2862,34908,73255,"Or2013_0430_CF_07","5 uL of analyte (Std Prep)","1.0",72.0,86.4,2.40,slot,true,233752.49,44,1834.62,53,0.86,53,36.31,53,235.74,53,2193.90,53,918.40,53,0.87,53,0,53,0.31,44,1.73,53,1,53,19215.89,53,,,4.83,53,2.42,53
73255_72,2862,34908,73255,"Or2013_0430_CF_07","5 uL of analyte (Std Prep)","1.0",72.0,86.4,2.40,slot,false,73542.47,400,640.70,460,,,NaN,460,120.51,460,2944.69,460,910.88,460,1.31,460,,,0.34,400,,,1.02,460,5000.26,460,,,,,3.19,460
73255_74,2862,34908,73255,"Or2013_0430_CF_07","5 uL of analyte (Std Prep)","1.0",74.0,88.8,5.00,mw,true,561462.15,84,7402.04,96,1.31,96,36.16,96,248.94,96,2219.66,96,919.55,96,1.16,96,0,96,0.31,84,1.39,96,1.03,96,58311.70,96,1,18,4.63,96,2.45,96
73255_74,2862,34908,73255,"Or2013_0430_CF_07","5 uL of analyte (Std Prep)","1.0",74.0,88.8,5.00,mw,false,160479.56,852,1671.46,969,,,21.96,969,105.27,969,3343.87,969,963.05,969,1.35,969,,,0.31,852,,,1.03,969,5315.21,969,,,,,3.43,969
73255_74,2862,34908,73255,"Or2013_0430_CF_07","5 uL of analyte (Std Prep)","1.0",74.0,88.8,2.40,slot,true,577855.05,52,10137.69,60,1.81,60,35.32,60,255.77,60,2408.17,60,983.08,60,1.43,60,0,60,0.32,52,1.46,60,1.03,60,73096.25,60,1,13,4.17,60,2.48,60
73255_74,2862,34908,73255,"Or2013_0430_CF_07","5 uL of analyte (Std Prep)","1.0",74.0,88.8,2.40,slot,false,175328.96,422,423.88,465,,,22.13,465,106.62,465,3058.89,465,936.95,465,1.19,465,,,0.29,422,,,1.02,465,3257.07,465,,,,,3.22,465
73255_76,2862,34908,73255,"Or2013_0430_CF_07","5 uL of analyte (Std Prep)","1.0",76.0,91.2,5.00,mw,true,612813.98,81,6495.26,91,0.85,91,30.40,91,264.79,91,2257.61,91,905.99,91,1.38,91,0,91,0.30,81,1.76,91,1.02,91,47374.51,91,1,16,4.53,91,2.53,91
73255_76,2862,34908,73255,"Or2013_0430_CF_07","5 uL of analyte (Std Prep)","1.0",76.0,91.2,5.00,mw,false,207627.88,858,1766.74,984,,,23.70,984,103.76,984,3408.79,984,977.33,984,1.47,984,,,0.31,858,,,1.03,984,5264.67,984,,,,,3.45,984
73255_76,2862,34908,73255,"Or2013_0430_CF_07","5 uL of analyte (Std Prep)","1.0",76.0,91.2,2.40,slot,true,932889.05,23,3420.98,23,0.16,23,36.79,23,250.70,23,2027.84,23,848.73,23,0.87,23,0,23,0.30,23,1.07,23,1.04,23,36751.57,23,1,5,4.65,23,2.39,23
73255_76,2862,34908,73255,"Or2013_0430_CF_07","5 uL of analyte (Std Prep)","1.0",76.0,91.2,2.40,slot,false,287478.93,407,3242.68,481,,,22.93,481,102.50,481,3598.10,481,990.84,481,1.51,481,,,0.33,407,,,1.06,481,8325.85,481,,,,,3.61,481
73255_78,2862,34908,73255,"Or2013_0430_CF_07","5 uL of analyte (Std Prep)","1.0",78.0,93.6,5.00,mw,true,290729.86,71,3700.68,75,0.84,75,25.96,75,235.17,75,2313.73,75,937.11,75,1.16,75,0,75,0.29,71,1.78,75,1.05,75,17256.01,75,1,9,4.51,75,2.48,75
73255_78,2862,34908,73255,"Or2013_0430_CF_07","5 uL of analyte (Std Prep)","1.0",78.0,93.6,5.00,mw,false,171045.32,886,374.97,1015,,,23.35,1015,93.47,1015,3491.89,1015,992.29,1015,1.49,1015,,,0.31,886,,,1.01,1015,2255.78,1015,,,,,3.47,1015
73255_78,2862,34908,73255,"Or2013_0430_CF_07","5 uL of analyte (Std Prep)","1.0",78.0,93.6,2.40,slot,true,259563.56,43,5578.44,47,1.00,47,22.23,47,242.72,47,2333.23,47,941.99,47,1.09,47,0,47,0.29,43,1.89,47,1.04,47,24158.60,47,1,3,4.74,47,2.51,47
73255_78,2862,34908,73255,"Or2013_0430_CF_07","5 uL of analyte (Std Prep)","1.0",78.0,93.6,2.40,slot,false,131292.54,441,342.60,492,,,24.62,492,94.45,492,3429.01,492,964.13,492,1.49,492,,,0.31,441,,,1.00,492,2130.37,492,,,,,3.49,492
73255_80,2862,34908,73255,"Or2013_0430_CF_07","5 uL of analyte (Std Prep)","1.0",80.0,96.0,5.00,mw,true,209624.94,59,1677.38,65,0.67,65,22.06,65,241.32,65,2448.82,65,955.82,65,1.49,65,0,65,0.28,59,1.79,65,1.11,65,13617.57,65,1,12,4.60,65,2.58,65
73255_80,2862,34908,73255,"Or2013_0430_CF_07","5 uL of analyte (Std Prep)","1.0",80.0,96.0,5.00,mw,false,147914.47,916,312.12,997,,,22.92,997,82.98,997,3625.93,997,1029.44,997,1.57,997,,,0.30,916,,,1.02,997,2021.37,997,,,,,3.49,997
73255_80,2862,34908,73255,"Or2013_0430_CF_07","5 uL of analyte (Std Prep)","1.0",80.0,96.0,2.40,slot,true,178751.60,29,923.12,31,0.57,31,23.50,31,263.13,31,2680.20,31,978.24,31,1.74,31,0,31,0.29,29,1.56,31,1.16,31,11548.32,31,1,8,4.06,31,2.77,31
73255_80,2862,34908,73255,"Or2013_0430_CF_07","5 uL of analyte (Std Prep)","1.0",80.0,96.0,2.40,slot,false,112978.77,415,177.05,459,,,23.60,459,84.36,459,3605.28,459,1036.46,459,1.67,459,,,0.29,415,,,1.02,459,1502.51,459,,,,,3.42,459
73255_82,2862,34908,73255,"Or2013_0430_CF_07","5 uL of analyte (Std Prep)","1.0",82.0,98.4,5.00,mw,true,214008.04,79,956.03,85,1.48,85,23.06,85,251.72,85,2462.04,85,927.17,85,1.84,85,0,85,0.27,79,1.17,85,1.05,85,11256.13,85,1,21,4.31,85,2.72,85
73255_82,2862,34908,73255,"Or2013_0430_CF_07","5 uL of analyte (Std Prep)","1.0",82.0,98.4,5.00,mw,false,147502.94,906,361.38,974,,,25.27,974,84.82,974,3492.65,974,1031.13,974,1.67,974,,,0.29,906,,,1.02,974,2457.49,974,,,,,3.34,974
73255_82,2862,34908,73255,"Or2013_0430_CF_07","5 uL of analyte (Std Prep)","1.0",82.0,98.4,2.40,slot,true,195974.33,33,392.58,37,2.08,37,23.18,37,199.38,37,2371.80,37,968.60,37,2.08,37,0,37,0.25,33,1.14,37,1,37,4765.14,37,1,10,4.27,37,2.54,37
73255_82,2862,34908,73255,"Or2013_0430_CF_07","5 uL of analyte (Std Prep)","1.0",82.0,98.4,2.40,slot,false,181746.40,449,525.61,483,,,25.27,483,83.75,483,3537.79,483,1055.34,483,1.54,483,,,0.29,449,,,1.02,483,3378.45,483,,,,,3.33,483
73255_84,2862,34908,73255,"Or2013_0430_CF_07","5 uL of analyte (Std Prep)","1.0",84.0,100.8,5.00,mw,true,328369.13,86,2113.55,91,1.79,91,27.40,91,262.20,91,2500.08,91,957.02,91,1.36,91,0,91,0.28,86,0.92,91,1.04,91,13039.46,91,1,22,4.24,91,2.68,91
73255_84,2862,34908,73255,"Or2013_0430_CF_07","5 uL of analyte (Std Prep)","1.0",84.0,100.8,5.00,mw,false,143164.63,876,481.56,951,,,23.93,951,100.10,951,3578.76,951,1013.78,951,1.58,951,,,0.30,876,,,1.04,951,3321.26,951,,,,,3.50,951
73255_84,2862,34908,73255,"Or2013_0430_CF_07","5 uL of analyte (Std Prep)","1.0",84.0,100.8,2.40,slot,true,307588.46,40,3182.37,40,1.04,40,24.18,40,267,40,2493.37,40,937.87,40,1.15,40,0,40,0.30,40,0.73,40,1.08,40,17364.83,40,1,6,4.55,40,2.73,40
73255_84,2862,34908,73255,"Or2013_0430_CF_07","5 uL of analyte (Std Prep)","1.0",84.0,100.8,2.40,slot,false,122199.79,418,209.93,458,,,22.48,458,91.50,458,3601.47,458,1027.55,458,1.76,458,,,0.30,418,,,1.03,458,1896.34,458,,,,,3.45,458
73255_86,2862,34908,73255,"Or2013_0430_CF_07","5 uL of analyte (Std Prep)","1.0",86.0,103.2,5.00,mw,true,341440.80,78,2489.20,88,1.49,88,31.66,88,251.75,88,2539.11,88,958.87,88,1.06,88,0,88,0.30,78,1.74,88,1.08,88,17323.43,88,1,23,4.26,88,2.68,88
73255_86,2862,34908,73255,"Or2013_0430_CF_07","5 uL of analyte (Std Prep)","1.0",86.0,103.2,5.00,mw,false,99768.88,861,504.88,936,,,22.47,936,115.90,936,3561.47,936,979.47,936,1.39,936,,,0.30,861,,,1.04,936,3125.62,936,,,,,3.63,936
73255_86,2862,34908,73255,"Or2013_0430_CF_07","5 uL of analyte (Std Prep)","1.0",86.0,103.2,2.40,slot,true,442819.36,39,2306.06,46,2.32,46,31.81,46,292.24,46,2547.05,46,944.63,46,0.98,46,0,46,0.28,39,1.78,46,1.04,46,22735.48,46,1,15,4.11,46,2.72,46
73255_86,2862,34908,73255,"Or2013_0430_CF_07","5 uL of analyte (Std Prep)","1.0",86.0,103.2,2.40,slot,false,99787.69,412,645.29,443,,,22.37,443,123.66,443,3584.22,443,977.64,443,1.29,443,,,0.30,412,,,1.05,443,4072.23,443,,,,,3.66,443
73255_88,2862,34908,73255,"Or2013_0430_CF_07","5 uL of analyte (Std Prep)","1.0",88.0,105.6,5.00,mw,true,226810.34,83,2309.21,90,2.10,90,29.07,90,243.81,90,2653.07,90,969.04,90,1.27,90,0,90,0.33,83,2.11,90,1.09,90,20873.58,90,1,24,3.84,90,2.73,90
73255_88,2862,34908,73255,"Or2013_0430_CF_07","5 uL of analyte (Std Prep)","1.0",88.0,105.6,5.00,mw,false,73573.91,823,572.89,937,,,22.09,937,113.97,937,3481.52,937,964.91,937,1.27,937,,,0.29,823,,,1.04,937,3189.56,937,,,,,3.61,937
73255_88,2862,34908,73255,"Or2013_0430_CF_07","5 uL of analyte (Std Prep)","1.0",88.0,105.6,2.40,slot,true,87136.96,42,697.76,46,1.70,46,26.22,46,205.43,46,2722.25,46,992.89,46,1.33,46,0,46,0.34,42,1.82,46,1.09,46,6866.85,46,1,7,3.85,46,2.70,46
73255_88,2862,34908,73255,"Or2013_0430_CF_07","5 uL of analyte (Std Prep)","1.0",88.0,105.6,2.40,slot,false,63219.85,393,489.73,442,,,22.53,442,115.24,442,3501.88,442,956.64,442,1.21,442,,,0.30,393,,,1.04,442,2559.82,442,,,,,3.65,442
73255_90,2862,34908,73255,"Or2013_0430_CF_07","5 uL of analyte (Std Prep)","1.0",90.0,108.0,5.00,mw,true,141444.49,80,1652.35,92,2.47,92,26.83,92,197.61,92,2585.49,92,966.96,92,1.37,92,0,92,0.33,80,1.96,92,1.07,92,11134.25,92,1,12,3.78,92,2.66,92
73255_90,2862,34908,73255,"Or2013_0430_CF_07","5 uL of analyte (Std Prep)","1.0",90.0,108.0,5.00,mw,false,59744.75,810,475.65,935,,,23.78,935,108.45,935,3718.41,935,975.81,935,1.34,935,,,0.29,810,,,1.04,935,3024.36,935,,,,,3.79,935
73255_90,2862,34908,73255,"Or2013_0430_CF_07","5 uL of analyte (Std Prep)","1.0",90.0,108.0,2.40,slot,true,259767.42,33,2831.95,42,2.73,42,27.33,42,199.21,42,2534.76,42,975.93,42,1.38,42,0,42,0.30,33,2.30,42,1.07,42,18413.88,42,1,9,3.69,42,2.62,42
73255_90,2862,34908,73255,"Or2013_0430_CF_07","5 uL of analyte (Std Prep)","1.0",90.0,108.0,2.40,slot,false,73133.04,395,598.06,456,,,23.93,456,105.34,456,3698.36,456,967.57,456,1.48,456,,,0.29,395,,,1.03,456,3714.91,456,,,,,3.80,456
73255_92,2862,34908,73255,"Or2013_0430_CF_07","5 uL of analyte (Std Prep)","1.0",92.0,110.4,5.00,mw,true,136807.91,82,1251.71,96,1.88,96,26.61,96,187.88,96,2360.64,96,909.82,96,1.15,96,0,96,0.34,82,0.49,96,1.08,96,8554.85,96,1.50,6,4.19,96,2.59,96
73255_92,2862,34908,73255,"Or2013_0430_CF_07","5 uL of analyte (Std Prep)","1.0",92.0,110.4,5.00,mw,false,33882.69,795,225.60,912,,,28.81,912,106.82,912,3764.68,912,1008.91,912,1.41,912,,,0.29,795,,,1.03,912,1900.17,912,,,,,3.74,912
73255_92,2862,34908,73255,"Or2013_0430_CF_07","5 uL of analyte (Std Prep)","1.0",92.0,110.4,2.40,slot,true,54262.35,43,732.08,48,1.75,48,30.35,48,205.21,48,2344.78,48,865.94,48,1.29,48,0,48,0.37,43,0.37,48,1.08,48,5868.15,48,1,5,4.33,48,2.69,48
73255_92,2862,34908,73255,"Or2013_0430_CF_07","5 uL of analyte (Std Prep)","1.0",92.0,110.4,2.40,slot,false,27615.53,380,222.74,444,,,29.44,444,101.82,444,3734.61,444,1014.96,444,1.25,444,,,0.29,380,,,1.03,444,1749.68,444,,,,,3.71,444
73255_94,2862,34908,73255,"Or2013_0430_CF_07","5 uL of analyte (Std Prep)","1.0",94.0,112.8,5.00,mw,true,165581.98,78,1326.78,88,1.78,88,26.66,88,197.06,88,2314.51,88,916.14,88,0.82,88,0,88,0.34,78,0.25,88,1.11,88,9332.77,88,1.60,5,4.07,88,2.53,88
73255_94,2862,34908,73255,"Or2013_0430_CF_07","5 uL of analyte (Std Prep)","1.0",94.0,112.8,5.00,mw,false,46398.42,694,253.06,856,,,29.42,849,123.73,856,3504.97,856,1011.55,856,1.41,849,,,0.28,694,,,1.03,856,2200.26,856,,,,,3.48,856
73255_94,2862,34908,73255,"Or2013_0430_CF_07","5 uL of analyte (Std Prep)","1.0",94.0,112.8,2.40,slot,true,236517.91,46,2241.45,46,1.44,46,22.89,46,207.83,46,2353.14,46,957.79,46,0.74,46,0,46,0.31,46,0.50,46,1.17,46,14027.54,46,2,3,3.93,46,2.48,46
73255_94,2862,34908,73255,"Or2013_0430_CF_07","5 uL of analyte (Std Prep)","1.0",94.0,112.8,2.40,slot,false,45061.15,367,196.24,426,,,29.81,426,125.12,426,3647.17,426,1015.43,426,1.65,426,,,0.30,367,,,1.02,426,2116.56,426,,,,,3.62,426
73255_96,2862,34908,73255,"Or2013_0430_CF_07","5 uL of analyte (Std Prep)","1.0",96.0,115.2,5.00,mw,true,139280.71,27,873.48,32,1.93,32,20.10,32,188.78,32,2388.06,32,939.81,32,0.63,32,0,32,0.35,27,1.08,32,1.13,32,6100.78,32,1,2,3.66,32,2.53,32
73255_96,2862,34908,73255,"Or2013_0430_CF_07","5 uL of analyte (Std Prep)","1.0",96.0,115.2,5.00,mw,false,69337.59,337,256.91,441,,,27.66,434,129.96,441,3554.55,441,1016.43,441,1.46,434,,,0.27,337,,,1.02,441,2384.12,441,,,,,3.49,441
73255_96,2862,34908,73255,"Or2013_0430_CF_07","5 uL of analyte (Std Prep)","1.0",96.0,115.2,2.40,slot,true,98102.76,9,299.67,14,2.78,14,22.92,14,149.50,14,2274.90,14,888.78,14,0.29,14,0,14,0.40,9,0.36,14,1,14,2962.79,14,,,3.79,14,2.50,14
73255_96,2862,34908,73255,"Or2013_0430_CF_07","5 uL of analyte (Std Prep)","1.0",96.0,115.2,2.40,slot,false,80586.96,136,330.18,203,,,25.38,196,136.54,203,3252.59,203,995.39,203,1.09,196,,,0.24,136,,,1.01,203,2643.04,203,,,,,3.21,203
